model_id,status,MODEL_HASH,parent,created_at,HYPOTHESIS,PROBLEM_OBSERVED,CHANGE_FROM_PARENT,EXPECTED_IMPROVEMENT,FULL_STRATEGY_SUMMARY,FINAL_RESULT,DECISION,REASON
M001,CREATED,a12d09bcf15f5223acf6bf16c75822ef7b85f6ac66aa168837b2109dfc7837a0,,2026-09-06T16:33:02.053424Z,A one-tick pair selected from the preceding 24 hours may retain positive price-path throughput after it is frozen for the standardized replay.,A causal serial reference is required before testing adaptation.,"Initial STATIC model: one tick, 24-hour lookback and no reselection.",Provide an interpretable lower-complexity reference and expose level migration.,"{
  ""confirmation_checks"": null,
  ""cooldown_minutes"": null,
  ""decision_interval_minutes"": null,
  ""distances"": [
    1
  ],
  ""idle_threshold_minutes"": null,
  ""lookback_minutes"": 1440,
  ""strategy"": ""STATIC"",
  ""switch_advantage"": null,
  ""symbol"": ""USDCUSDT""
}",,,Establish the first causal serial benchmark.
M002,CREATED,1868ea2a70c1526c615448d95d780e7b42b233721a2602c9b628f86a9e6da561,M001,2026-09-06T16:33:02.083924Z,Hourly causal reselection with the same 24-hour lookback improves throughput without changing tick distance.,A level frozen for the full replay may become stale as activity moves.,Add flat-only PERIODIC_RESELECT at a one-hour decision interval.,Recover activity lost to intraday migration without a time stop.,"{
  ""confirmation_checks"": null,
  ""cooldown_minutes"": null,
  ""decision_interval_minutes"": 60,
  ""distances"": [
    1
  ],
  ""idle_threshold_minutes"": null,
  ""lookback_minutes"": 1440,
  ""strategy"": ""PERIODIC_RESELECT"",
  ""switch_advantage"": null,
  ""symbol"": ""USDCUSDT""
}",,,Test the smallest scheduled adaptation from M001.
M003,CREATED,856cd1bad8d3d497b725c5c33baca116589042374308c4e066a2851ceb5d6827,M002,2026-09-06T16:33:02.096429Z,One-minute ALWAYS_BEST causal decisions raise throughput at the cost of more reselections.,Hourly decisions may react too slowly to rapidly migrating activity.,Reduce the flat-only selection interval from one hour to one minute.,Increase completed cycles while quantifying reselection churn.,"{
  ""confirmation_checks"": null,
  ""cooldown_minutes"": null,
  ""decision_interval_minutes"": 1,
  ""distances"": [
    1
  ],
  ""idle_threshold_minutes"": null,
  ""lookback_minutes"": 1440,
  ""strategy"": ""ALWAYS_BEST"",
  ""switch_advantage"": null,
  ""symbol"": ""USDCUSDT""
}",,,Measure the upper-frequency causal adaptation reference.
M004,CREATED,554d1d805205e59505ff89892d4ec00be5868d56636ebd584b80c8724e90fc28,M003,2026-09-06T16:33:02.114135Z,A stay-until-bad policy can preserve most M003 throughput with materially fewer changes.,Continuous best-candidate chasing may create unnecessary thrashing.,"Switch only after 30 flat idle minutes, five confirmations, 10% advantage and a 60-minute cooldown.",Retain at least 90% of cycles and 99% of equity with at most half the reselections.,"{
  ""confirmation_checks"": 5,
  ""cooldown_minutes"": 60,
  ""decision_interval_minutes"": 1,
  ""distances"": [
    1
  ],
  ""idle_threshold_minutes"": 30,
  ""lookback_minutes"": 1440,
  ""strategy"": ""IDLE_TRIGGERED"",
  ""switch_advantage"": ""0.10"",
  ""symbol"": ""USDCUSDT""
}",,,Test the preregistered anti-thrashing mechanism against M003.
