break_even_fee_per_leg,cycle_p50_seconds,cycle_p90_seconds,cycle_p95_seconds,cycle_p99_seconds,cycles,gross_edge_bps,high,high_trade_count,high_visits,low,low_trade_count,low_visits,max_cycle_seconds,net_edge_scenarios,rank,spread_pct,tick_distance,utc_date,volume_at_high,volume_at_low
0.00005010271055664111428428277970,4.19721100,39.39330580,55.65055740,126.79368064,837,1.002104419280489026956610000,0.998,7488,1244,0.9979,4921,896,1476.866024,"{'ZERO': '0.000100210441928048902695661', 'MAKER_A_0.2BP': '0.000060207233574538850940588', 'MAKER_B_0.5BP': '2.05421134895755462753E-7', 'STRESS_1BP': '-0.0000997896001561282893656721'}",1,0.010021044192804890269566100,1,2026-01-01,9929049.00000000,18403148.00000000
0.00005007260527765259626458364629,2.72435000,31.38653850,54.73237550,202.54706595,1186,1.001502253380070105157740000,0.9986,10930,1984,0.9985,41776,1972,8447.096207,"{'ZERO': '0.000100150225338007010515774', 'MAKER_A_0.2BP': '0.000060147019393112388127801', 'MAKER_B_0.5BP': '1.45210566211799575269E-7', 'STRESS_1BP': '-0.0000998498047040563845468232'}",1,0.010015022533800701051577400,1,2026-01-02,15793255.00000000,43619359.00000000
0.00005003252113874018111772652224,5.79369900,50.97671160,95.91544660,363.85688476,1855,1.000700490343240268187730000,0.9994,32776,2863,0.9993,62658,2938,2124.200977,"{'ZERO': '0.000100070049034324026818773', 'MAKER_A_0.2BP': '0.000060066846296417411989997', 'MAKER_B_0.5BP': '6.5042279758322701297E-8', 'STRESS_1BP': '-0.0000999299649740819973841703'}",1,0.010007004903432402681877300,1,2026-01-03,45705996.00000000,96938029.00000000
0.00005004253615573237251663914327,3.85645500,45.69179460,79.15481320,190.21864476,977,1.000900810729656691021920000,0.9992,8776,1342,0.9991,25068,1858,10623.828009,"{'ZERO': '0.000100090081072965669102192', 'MAKER_A_0.2BP': '0.000060086877533793533918132', 'MAKER_B_0.5BP': '8.5072315296256005937E-8', 'STRESS_1BP': '-0.0000999099369414474827164466'}",1,0.010009008107296566910219200,1,2026-01-04,14058599.00000000,38397397.00000000
0.00005003252113874018111772652224,1.27428850,13.97095340,26.83657665,81.59781325,2022,1.000700490343240268187730000,0.9994,18452,2646,0.9993,33095,3033,17172.338697,"{'ZERO': '0.000100070049034324026818773', 'MAKER_A_0.2BP': '0.000060066846296417411989997', 'MAKER_B_0.5BP': '6.5042279758322701297E-8', 'STRESS_1BP': '-0.0000999299649740819973841703'}",1,0.010007004903432402681877300,1,2026-01-05,23984586.00000000,50813475.00000000
0.00005001250312578144536134033508,0.89348400,14.73149760,26.43206405,82.55207551,4312,1.000300090027008102430730000,0.9998,42068,5551,0.9997,51404,5694,18050.639104,"{'ZERO': '0.000100030009002700810243073', 'MAKER_A_0.2BP': '0.000060026807866363428958289', 'MAKER_B_0.5BP': '2.5006251938078298646E-8', 'STRESS_1BP': '-0.0000999699969984996098769637'}",1,0.010003000900270081024307300,1,2026-01-06,82271941.00000000,82108068.00000000
0.00005003252113874018111772652224,1.19013100,10.37223400,15.97009370,42.20990794,3487,1.000700490343240268187730000,0.9994,39556,5081,0.9993,24307,4737,17480.892794,"{'ZERO': '0.000100070049034324026818773', 'MAKER_A_0.2BP': '0.000060066846296417411989997', 'MAKER_B_0.5BP': '6.5042279758322701297E-8', 'STRESS_1BP': '-0.0000999299649740819973841703'}",1,0.010007004903432402681877300,1,2026-01-07,71860935.00000000,42947436.00000000
0.00005005255518294208919365333600,0.83310700,8.07107740,14.16509120,39.81673340,3817,1.001101211332465712283510000,0.999,43289,5734,0.9989,24861,4230,911.035988,"{'ZERO': '0.000100110121133246571228351', 'MAKER_A_0.2BP': '0.000060106916792488056535796', 'MAKER_B_0.5BP': '1.05110371671325333523E-7', 'STRESS_1BP': '-0.0000998899008887778756412075'}",1,0.010011012113324657122835100,1,2026-01-08,61685200.00000000,48541970.00000000
0.00005003752814610958218663997998,1.26252400,12.72680560,22.71910260,69.95547044,3593,1.000800640512409927942350000,0.9993,24488,4607,0.9992,37970,5884,19981.214652,"{'ZERO': '0.000100080064051240992794235', 'MAKER_A_0.2BP': '0.000060076860912741713140117', 'MAKER_B_0.5BP': '7.5056295223669561118E-8', 'STRESS_1BP': '-0.0000999199519599681344915949'}",1,0.010008006405124099279423500,1,2026-01-09,34849069.00000000,48531876.00000000
0.00005004754516790951403833641960,2.59784000,18.81778930,30.23602150,67.33173194,1562,1.001001001001001001001000000,0.9991,22929,1964,0.999,9223,2183,12875.879331,"{'ZERO': '0.000100100100100100100100100', 'MAKER_A_0.2BP': '0.000060096896160174894600206', 'MAKER_B_0.5BP': '9.5090340578066191786E-8', 'STRESS_1BP': '-0.0000998999199179181180981001'}",1,0.010010010010010010010010000,1,2026-01-10,22845816.00000000,11399368.00000000
0.00005004754516790951403833641960,4.87861900,29.14271100,43.20115820,76.54716508,973,1.001001001001001001001000000,0.9991,7737,1742,0.999,5256,1318,118.88298,"{'ZERO': '0.000100100100100100100100100', 'MAKER_A_0.2BP': '0.000060096896160174894600206', 'MAKER_B_0.5BP': '9.5090340578066191786E-8', 'STRESS_1BP': '-0.0000998999199179181180981001'}",1,0.010010010010010010010010000,1,2026-01-11,6577694.00000000,3585515.00000000
0.00005004253615573237251663914327,0.95212800,10.82598180,21.28737050,68.71302484,2267,1.000900810729656691021920000,0.9992,30119,3587,0.9991,21688,3165,7297.90103,"{'ZERO': '0.000100090081072965669102192', 'MAKER_A_0.2BP': '0.000060086877533793533918132', 'MAKER_B_0.5BP': '8.5072315296256005937E-8', 'STRESS_1BP': '-0.0000999099369414474827164466'}",1,0.010009008107296566910219200,1,2026-01-12,39093621.00000000,25614679.00000000
0.00005004253615573237251663914327,3.23039700,26.17706360,40.82433820,77.08107644,1799,1.000900810729656691021920000,0.9992,11322,2543,0.9991,17087,1884,853.377756,"{'ZERO': '0.000100090081072965669102192', 'MAKER_A_0.2BP': '0.000060086877533793533918132', 'MAKER_B_0.5BP': '8.5072315296256005937E-8', 'STRESS_1BP': '-0.0000999099369414474827164466'}",1,0.010009008107296566910219200,1,2026-01-13,15048812.00000000,14214016.00000000
0.00004998750312421894526368407898,1.42157350,16.39095330,29.92236310,116.60556787,1454,0.999800039992001599680060000,1.0003,11588,1805,1.0002,21151,2834,15300.265417,"{'ZERO': '0.000099980003999200159968006', 'MAKER_A_0.2BP': '0.000059976804863022915506497', 'MAKER_B_0.5BP': '-2.49937513122344282706E-8', 'STRESS_1BP': '-0.0001000199920019995600919812'}",1,0.009998000399920015996800600,1,2026-01-14,19608909.00000000,36315251.00000000
0.00005002251012955830123555600020,1.22737800,10.33785120,16.83822800,44.10425222,1455,1.000500250125062531265630000,0.9996,19660,2606,0.9995,12145,2020,4382.033578,"{'ZERO': '0.000100050025012506253126563', 'MAKER_A_0.2BP': '0.000060046823075544492111659', 'MAKER_B_0.5BP': '4.5020260242615683123E-8', 'STRESS_1BP': '-0.0000999499849914958479139580'}",1,0.010005002501250625312656300,1,2026-01-15,20164660.00000000,15662845.00000000
0.00005003752814610958218663997998,3.11431800,27.03797120,40.90337760,84.72440700,725,1.000800640512409927942350000,0.9993,9991,1039,0.9992,9766,1321,11071.078661,"{'ZERO': '0.000100080064051240992794235', 'MAKER_A_0.2BP': '0.000060076860912741713140117', 'MAKER_B_0.5BP': '7.5056295223669561118E-8', 'STRESS_1BP': '-0.0000999199519599681344915949'}",1,0.010008006405124099279423500,1,2026-01-16,13770721.00000000,9217518.00000000
0.00005002751513332332783030666867,3.54105100,25.20160600,39.43257100,79.27896050,1071,1.000600360216129677806680000,0.9995,12190,1859,0.9994,6884,1606,7157.177795,"{'ZERO': '0.000100060036021612967780668', 'MAKER_A_0.2BP': '0.000060056833684218851144290', 'MAKER_B_0.5BP': '5.5030268298472208669E-8', 'STRESS_1BP': '-0.0000999399759843907544406656'}",1,0.010006003602161296778066800,1,2026-01-17,11563552.00000000,5654707.00000000
0.00005002751513332332783030666867,2.82686250,28.76764550,48.77138700,112.04932940,1696,1.000600360216129677806680000,0.9995,17082,2759,0.9994,11348,2045,5075.462467,"{'ZERO': '0.000100060036021612967780668', 'MAKER_A_0.2BP': '0.000060056833684218851144290', 'MAKER_B_0.5BP': '5.5030268298472208669E-8', 'STRESS_1BP': '-0.0000999399759843907544406656'}",1,0.010006003602161296778066800,1,2026-01-18,15302090.00000000,7991038.00000000
0.00005004253615573237251663914327,1.98745700,15.51760600,24.01342650,57.98409690,4111,1.000900810729656691021920000,0.9992,30287,5018,0.9991,39425,6465,6164.67546,"{'ZERO': '0.000100090081072965669102192', 'MAKER_A_0.2BP': '0.000060086877533793533918132', 'MAKER_B_0.5BP': '8.5072315296256005937E-8', 'STRESS_1BP': '-0.0000999099369414474827164466'}",1,0.010009008107296566910219200,1,2026-01-19,29510014.00000000,44544769.00000000
0.00005005756620113130099614556740,0.98054250,8.17939730,12.53202785,27.89514352,2624,1.001201441730076091309570000,0.9989,22844,3968,0.9988,14706,3604,11235.88109,"{'ZERO': '0.000100120144173007609130957', 'MAKER_A_0.2BP': '0.000060116939431335522268329', 'MAKER_B_0.5BP': '1.15132409178499825509E-7', 'STRESS_1BP': '-0.0000998798798534243491950364'}",1,0.010012014417300760913095700,1,2026-01-20,31374719.00000000,13671531.00000000
0.00005006759124818504981725329194,0.84234850,8.51234530,13.30604910,36.08366027,3200,1.001401962747846985780090000,0.9987,28116,5912,0.9986,32243,5158,8404.059563,"{'ZERO': '0.000100140196274784698578009', 'MAKER_A_0.2BP': '0.000060136990731044581992398', 'MAKER_B_0.5BP': '1.35182505845667059727E-7', 'STRESS_1BP': '-0.0000998598317616666132305255'}",1,0.010014019627478469857800900,1,2026-01-21,19583850.00000000,27607515.00000000
0.00005006257822277847309136420526,1.24110300,9.90339460,15.45449140,39.51188456,3545,1.001301692199859817763090000,0.9988,43880,5667,0.9987,31217,4729,5125.506942,"{'ZERO': '0.000100130169219985981776309', 'MAKER_A_0.2BP': '0.000060126964077320035655961', 'MAKER_B_0.5BP': '1.25156453702297362352E-7', 'STRESS_1BP': '-0.0000998698568112548913327352'}",1,0.010013016921998598177630900,1,2026-01-22,40550594.00000000,27522303.00000000
0.00005008765339343851740545955422,1.04073200,9.64126620,17.11972070,43.74822514,3003,1.001803245842516529753560000,0.9983,26897,4319,0.9982,32546,4537,11843.119857,"{'ZERO': '0.000100180324584251652975356', 'MAKER_A_0.2BP': '0.000060177117435411259717102', 'MAKER_B_0.5BP': '1.75306802682306277393E-7', 'STRESS_1BP': '-0.0000998197114770590662833136'}",1,0.010018032458425165297535600,1,2026-01-23,29585093.00000000,39900697.00000000
0.00005012782595618828011429144318,4.13695000,27.31813660,44.43073500,96.68257456,1252,1.002606777621816723481050000,0.9975,9199,1471,0.9974,6308,1463,1144.504005,"{'ZERO': '0.000100260677762181672348105', 'MAKER_A_0.2BP': '0.000060257467399278443145795', 'MAKER_B_0.5BP': '2.55651945696278450565E-7', 'STRESS_1BP': '-0.0000997393743681577300461251'}",1,0.010026067776218167234810500,1,2026-01-24,13218949.00000000,12605035.00000000
0.00005012782595618828011429144318,1.0811100,13.74261660,22.50344710,50.04644430,3059,1.002606777621816723481050000,0.9975,19655,3490,0.9974,22222,4798,12026.157942,"{'ZERO': '0.000100260677762181672348105', 'MAKER_A_0.2BP': '0.000060257467399278443145795', 'MAKER_B_0.5BP': '2.55651945696278450565E-7', 'STRESS_1BP': '-0.0000997393743681577300461251'}",1,0.010026067776218167234810500,1,2026-01-25,15327909.00000000,26398177.00000000
0.00005011777677542224226933293239,0.87127600,9.03835460,15.14672360,37.79904132,1925,1.002405773857257417802730000,0.9977,24846,3281,0.9976,22291,3526,17819.835483,"{'ZERO': '0.000100240577385725741780273', 'MAKER_A_0.2BP': '0.000060237367826821490835620', 'MAKER_B_0.5BP': '2.35553579177496618353E-7', 'STRESS_1BP': '-0.0000997594707249403367602293'}",1,0.010024057738572574178027300,1,2026-01-26,23836827.00000000,21738282.00000000
0.00005010773162298942726862754923,2.18690350,17.96692480,28.09228390,83.66274298,1700,1.002204850671477249949890000,0.9979,18011,3329,0.9978,16212,2160,1781.225346,"{'ZERO': '0.000100220485067147724994989', 'MAKER_A_0.2BP': '0.000060217276311920143637616', 'MAKER_B_0.5BP': '2.15463269730881064686E-7', 'STRESS_1BP': '-0.0000997795590254564441330972'}",1,0.010022048506714772499498900,1,2026-01-27,17580393.00000000,17429731.00000000
0.00005005255518294208919365333600,1.54068600,14.49674600,22.15420475,71.93682835,1306,1.001101211332465712283510000,0.999,18331,1970,0.9989,12131,2090,19017.377542,"{'ZERO': '0.000100110121133246571228351', 'MAKER_A_0.2BP': '0.000060106916792488056535796', 'MAKER_B_0.5BP': '1.05110371671325333523E-7', 'STRESS_1BP': '-0.0000998899008887778756412075'}",1,0.010011012113324657122835100,1,2026-01-28,21761701.00000000,15665433.00000000
0.00005006257822277847309136420526,0.74824200,11.90972100,22.20713550,42.07098865,416,1.001301692199859817763090000,0.9988,3359,610,0.9987,1679,465,35862.719025,"{'ZERO': '0.000100130169219985981776309', 'MAKER_A_0.2BP': '0.000060126964077320035655961', 'MAKER_B_0.5BP': '1.25156453702297362352E-7', 'STRESS_1BP': '-0.0000998698568112548913327352'}",1,0.010013016921998598177630900,1,2026-01-29,3195871.00000000,1525930.00000000
0.00005014793641241662905571435735,13.27800350,89.68835900,172.95789825,2457.83534440,216,1.003009027081243731193580000,0.9971,6897,424,0.997,5255,319,3381.450424,"{'ZERO': '0.000100300902708124373119358', 'MAKER_A_0.2BP': '0.000060297690736255485522185', 'MAKER_B_0.5BP': '2.95872869345499625721E-7', 'STRESS_1BP': '-0.0000996991574663997993380201'}",1,0.010030090270812437311935800,1,2026-01-30,19177405.00000000,23073051.00000000
0.00005013787916771120581599398345,2.20708000,40.62940510,135.83081105,732.55690252,602,1.002807862013638186923390000,0.9973,12225,921,0.9972,9552,820,18242.375613,"{'ZERO': '0.000100280786201363818692339', 'MAKER_A_0.2BP': '0.000060277575034139108633792', 'MAKER_B_0.5BP': '2.75758374135043749216E-7', 'STRESS_1BP': '-0.0000997192699502612915603746'}",1,0.010028078620136381869233900,1,2026-01-31,19768704.00000000,18851931.00000000
0.00005011777677542224226933293239,17.55848100,196.86336240,395.00608200,1261.25851010,463,1.002405773857257417802730000,0.9977,11469,700,0.9976,8983,615,2735.498835,"{'ZERO': '0.000100240577385725741780273', 'MAKER_A_0.2BP': '0.000060237367826821490835620', 'MAKER_B_0.5BP': '2.35553579177496618353E-7', 'STRESS_1BP': '-0.0000997594707249403367602293'}",1,0.010024057738572574178027300,1,2026-02-01,13295474.00000000,17181161.00000000
0.00005011777677542224226933293239,0.30068200,7.52445500,19.22720915,324.07743916,730,1.002405773857257417802730000,0.9977,18833,1146,0.9976,20957,1398,8564.465702,"{'ZERO': '0.000100240577385725741780273', 'MAKER_A_0.2BP': '0.000060237367826821490835620', 'MAKER_B_0.5BP': '2.35553579177496618353E-7', 'STRESS_1BP': '-0.0000997594707249403367602293'}",1,0.010024057738572574178027300,1,2026-02-02,22757568.00000000,25661045.00000000
0.00005008765339343851740545955422,2.94152550,33.29985950,66.12414700,551.40452725,246,1.001803245842516529753560000,0.9983,3647,407,0.9982,2403,359,19075.062354,"{'ZERO': '0.000100180324584251652975356', 'MAKER_A_0.2BP': '0.000060177117435411259717102', 'MAKER_B_0.5BP': '1.75306802682306277393E-7', 'STRESS_1BP': '-0.0000998197114770590662833136'}",1,0.010018032458425165297535600,1,2026-02-03,12965328.00000000,3953491.00000000
0.00005013285205795357697899433499,3.54602800,102.84595620,641.14408130,2335.58475284,139,1.002707309736287977539360000,0.9974,2449,191,0.9973,2670,241,4367.629199,"{'ZERO': '0.000100270730973628797753936', 'MAKER_A_0.2BP': '0.000060267520208605153074919', 'MAKER_B_0.5BP': '2.65704151872522687914E-7', 'STRESS_1BP': '-0.0000997293231671518499408457'}",1,0.010027073097362879775393600,1,2026-02-04,5373121.00000000,8006233.00000000
0.00005012280086211217482832940705,8.80644200,82.02778620,219.31485780,1600.74118544,245,1.002506265664160401002510000,0.9976,3358,345,0.9975,5242,478,6831.05344,"{'ZERO': '0.000100250626566416040100251', 'MAKER_A_0.2BP': '0.000060247416605552600727434', 'MAKER_B_0.5BP': '2.45601754999969299781E-7', 'STRESS_1BP': '-0.0000997494235538852129824612'}",1,0.010025062656641604010025100,1,2026-02-05,8933580.00000000,13966131.00000000
0.00005007260527765259626458364629,4.56502500,48.62237420,89.37249570,201.82882152,335,1.001502253380070105157740000,0.9986,3364,530,0.9985,2431,387,2530.414849,"{'ZERO': '0.000100150225338007010515774', 'MAKER_A_0.2BP': '0.000060147019393112388127801', 'MAKER_B_0.5BP': '1.45210566211799575269E-7', 'STRESS_1BP': '-0.0000998498047040563845468232'}",1,0.010015022533800701051577400,1,2026-02-06,3960006.00000000,5872554.00000000
0.00005004754516790951403833641960,18.01361000,252.18395470,371.98637910,2308.31269237,170,1.001001001001001001001000000,0.9991,1687,208,0.999,2249,236,6506.818941,"{'ZERO': '0.000100100100100100100100100', 'MAKER_A_0.2BP': '0.000060096896160174894600206', 'MAKER_B_0.5BP': '9.5090340578066191786E-8', 'STRESS_1BP': '-0.0000998999199179181180981001'}",1,0.010010010010010010010010000,1,2026-02-07,3739547.00000000,6046033.00000000
0.00005003252113874018111772652224,78.02729200,413.10423340,531.86849200,4867.72026320,153,1.000700490343240268187730000,0.9994,1767,256,0.9993,3669,280,6769.33591,"{'ZERO': '0.000100070049034324026818773', 'MAKER_A_0.2BP': '0.000060066846296417411989997', 'MAKER_B_0.5BP': '6.5042279758322701297E-8', 'STRESS_1BP': '-0.0000999299649740819973841703'}",1,0.010007004903432402681877300,1,2026-02-08,3417450.00000000,3857626.00000000
0.00005003752814610958218663997998,17.93935000,146.9622800,259.78918150,576.64256245,156,1.000800640512409927942350000,0.9993,1122,176,0.9992,1354,179,777.424374,"{'ZERO': '0.000100080064051240992794235', 'MAKER_A_0.2BP': '0.000060076860912741713140117', 'MAKER_B_0.5BP': '7.5056295223669561118E-8', 'STRESS_1BP': '-0.0000999199519599681344915949'}",1,0.010008006405124099279423500,1,2026-02-09,1384458.00000000,1518122.00000000
0.00005005255518294208919365333600,32.77618600,242.16185320,449.23555860,3091.63884960,165,1.001101211332465712283510000,0.999,1213,194,0.9989,2494,232,33888.697296,"{'ZERO': '0.000100110121133246571228351', 'MAKER_A_0.2BP': '0.000060106916792488056535796', 'MAKER_B_0.5BP': '1.05110371671325333523E-7', 'STRESS_1BP': '-0.0000998899008887778756412075'}",1,0.010011012113324657122835100,1,2026-02-10,3041684.00000000,3917206.00000000
0.00005005756620113130099614556740,7.76959500,304.80029700,718.59650980,4643.99733368,197,1.001201441730076091309570000,0.9989,3100,314,0.9988,3583,302,12664.473001,"{'ZERO': '0.000100120144173007609130957', 'MAKER_A_0.2BP': '0.000060116939431335522268329', 'MAKER_B_0.5BP': '1.15132409178499825509E-7', 'STRESS_1BP': '-0.0000998798798534243491950364'}",1,0.010012014417300760913095700,1,2026-02-11,4702552.00000000,5159185.00000000
0.00005006257822277847309136420526,6.30868600,62.48903180,231.44264980,4367.99187116,169,1.001301692199859817763090000,0.9988,4339,279,0.9987,3160,332,5519.463377,"{'ZERO': '0.000100130169219985981776309', 'MAKER_A_0.2BP': '0.000060126964077320035655961', 'MAKER_B_0.5BP': '1.25156453702297362352E-7', 'STRESS_1BP': '-0.0000998698568112548913327352'}",1,0.010013016921998598177630900,1,2026-02-12,5702524.00000000,5090032.00000000
0.00005007260527765259626458364629,107.85670900,651.38857440,773.87538340,5089.61599206,87,1.001502253380070105157740000,0.9986,1451,117,0.9985,1249,121,5290.346209,"{'ZERO': '0.000100150225338007010515774', 'MAKER_A_0.2BP': '0.000060147019393112388127801', 'MAKER_B_0.5BP': '1.45210566211799575269E-7', 'STRESS_1BP': '-0.0000998498047040563845468232'}",1,0.010015022533800701051577400,1,2026-02-13,2692505.00000000,2199050.00000000
0.00005005255518294208919365333600,17.55424400,330.18914210,524.27803525,806.26281068,104,1.001101211332465712283510000,0.999,831,134,0.9989,857,131,7842.765429,"{'ZERO': '0.000100110121133246571228351', 'MAKER_A_0.2BP': '0.000060106916792488056535796', 'MAKER_B_0.5BP': '1.05110371671325333523E-7', 'STRESS_1BP': '-0.0000998899008887778756412075'}",1,0.010011012113324657122835100,1,2026-02-14,1336128.00000000,1146468.00000000
0.00005004253615573237251663914327,7.37624050,213.42012040,439.78782810,2766.28062827,112,1.000900810729656691021920000,0.9992,1972,157,0.9991,1818,167,5796.817088,"{'ZERO': '0.000100090081072965669102192', 'MAKER_A_0.2BP': '0.000060086877533793533918132', 'MAKER_B_0.5BP': '8.5072315296256005937E-8', 'STRESS_1BP': '-0.0000999099369414474827164466'}",1,0.010009008107296566910219200,1,2026-02-15,3451130.00000000,2944973.00000000
0.00005005756620113130099614556740,12.31786500,120.19309450,245.82250825,808.02121250,166,1.001201441730076091309570000,0.9989,3316,248,0.9988,421,172,2939.0339,"{'ZERO': '0.000100120144173007609130957', 'MAKER_A_0.2BP': '0.000060116939431335522268329', 'MAKER_B_0.5BP': '1.15132409178499825509E-7', 'STRESS_1BP': '-0.0000998798798534243491950364'}",1,0.010012014417300760913095700,1,2026-02-16,3371122.00000000,613857.00000000
0.00005006257822277847309136420526,13.69604500,88.32238020,148.08900600,321.24615120,153,1.001301692199859817763090000,0.9988,1373,292,0.9987,305,154,701.087404,"{'ZERO': '0.000100130169219985981776309', 'MAKER_A_0.2BP': '0.000060126964077320035655961', 'MAKER_B_0.5BP': '1.25156453702297362352E-7', 'STRESS_1BP': '-0.0000998698568112548913327352'}",1,0.010013016921998598177630900,1,2026-02-17,1643742.00000000,252073.00000000
0.00005006759124818504981725329194,14.32726000,137.21774100,332.08687440,1033.89331660,155,1.001401962747846985780090000,0.9987,4544,212,0.9986,1818,240,1445.724711,"{'ZERO': '0.000100140196274784698578009', 'MAKER_A_0.2BP': '0.000060136990731044581992398', 'MAKER_B_0.5BP': '1.35182505845667059727E-7', 'STRESS_1BP': '-0.0000998598317616666132305255'}",1,0.010014019627478469857800900,1,2026-02-18,5143409.00000000,2900398.00000000
0.00005007260527765259626458364629,7.09817200,88.65736040,133.50369460,5647.91887028,259,1.001502253380070105157740000,0.9986,4472,378,0.9985,4958,462,9243.151546,"{'ZERO': '0.000100150225338007010515774', 'MAKER_A_0.2BP': '0.000060147019393112388127801', 'MAKER_B_0.5BP': '1.45210566211799575269E-7', 'STRESS_1BP': '-0.0000998498047040563845468232'}",1,0.010015022533800701051577400,1,2026-02-19,3357720.00000000,4119392.00000000
0.00005005255518294208919365333600,25.49218600,190.59226080,549.96796730,5603.72961582,195,1.001101211332465712283510000,0.999,2389,315,0.9989,3079,377,10915.465874,"{'ZERO': '0.000100110121133246571228351', 'MAKER_A_0.2BP': '0.000060106916792488056535796', 'MAKER_B_0.5BP': '1.05110371671325333523E-7', 'STRESS_1BP': '-0.0000998899008887778756412075'}",1,0.010011012113324657122835100,1,2026-02-20,4324568.00000000,5520987.00000000
0.00005005255518294208919365333600,11.31452900,184.46300580,302.28096460,2605.15198336,177,1.001101211332465712283510000,0.999,1657,322,0.9989,657,210,4718.239907,"{'ZERO': '0.000100110121133246571228351', 'MAKER_A_0.2BP': '0.000060106916792488056535796', 'MAKER_B_0.5BP': '1.05110371671325333523E-7', 'STRESS_1BP': '-0.0000998899008887778756412075'}",1,0.010011012113324657122835100,1,2026-02-21,2172831.00000000,1304347.00000000
0.00005005756620113130099614556740,34.38722100,413.65368700,585.52986500,961.95760020,121,1.001201441730076091309570000,0.9989,890,169,0.9988,443,132,1450.595387,"{'ZERO': '0.000100120144173007609130957', 'MAKER_A_0.2BP': '0.000060116939431335522268329', 'MAKER_B_0.5BP': '1.15132409178499825509E-7', 'STRESS_1BP': '-0.0000998798798534243491950364'}",1,0.010012014417300760913095700,1,2026-02-22,1825876.00000000,811569.00000000
0.00005005756620113130099614556740,6.69645400,129.79801960,262.64856935,1848.16728187,164,1.001201441730076091309570000,0.9989,1626,256,0.9988,1841,277,5884.070772,"{'ZERO': '0.000100120144173007609130957', 'MAKER_A_0.2BP': '0.000060116939431335522268329', 'MAKER_B_0.5BP': '1.15132409178499825509E-7', 'STRESS_1BP': '-0.0000998798798534243491950364'}",1,0.010012014417300760913095700,1,2026-02-23,2124109.00000000,4162317.00000000
0.00005003752814610958218663997998,6.20401000,56.56381900,89.54182000,116.00321784,149,1.000800640512409927942350000,0.9993,2471,281,0.9992,251,157,6151.096673,"{'ZERO': '0.000100080064051240992794235', 'MAKER_A_0.2BP': '0.000060076860912741713140117', 'MAKER_B_0.5BP': '7.5056295223669561118E-8', 'STRESS_1BP': '-0.0000999199519599681344915949'}",1,0.010008006405124099279423500,1,2026-02-24,4749308.00000000,720115.00000000
0.00004999250112483127530870369445,18.59744500,216.40372650,393.08053160,1228.51357116,242,0.999900009999000099990000000,1.0002,1190,336,1.0001,1375,312,6581.062791,"{'ZERO': '0.000099990000999900009999000', 'MAKER_A_0.2BP': '0.000059986801463850734984100', 'MAKER_B_0.5BP': '-1.49977502624718779060E-8', 'STRESS_1BP': '-0.0001000099970004999300089989'}",1,0.009999000099990000999900000,1,2026-02-25,2400144.00000000,1321909.00000000
0.00004998750312421894526368407898,14.56489100,263.15571720,585.15564905,1786.69549105,230,0.999800039992001599680060000,1.0003,1420,318,1.0002,1167,284,2316.494885,"{'ZERO': '0.000099980003999200159968006', 'MAKER_A_0.2BP': '0.000059976804863022915506497', 'MAKER_B_0.5BP': '-2.49937513122344282706E-8', 'STRESS_1BP': '-0.0001000199920019995600919812'}",1,0.009998000399920015996800600,1,2026-02-26,2897318.00000000,1211359.00000000
0.00004998250612285700004998250612,74.24872600,524.06882740,687.03885140,2173.41263208,145,0.999700089973008097570730000,1.0004,388,161,1.0003,1633,231,6206.415029,"{'ZERO': '0.000099970008997300809757073', 'MAKER_A_0.2BP': '0.000059966810260915645427969', 'MAKER_B_0.5BP': '-3.49877537613672150542E-8', 'STRESS_1BP': '-0.0001000299850050984104828545'}",1,0.009997000899730080975707300,1,2026-02-27,328080.00000000,1667200.00000000
0.00004999250112483127530870369445,6.44905450,230.38055090,487.66176735,1888.53305558,230,0.999900009999000099990000000,1.0002,1130,346,1.0001,1840,343,8207.365402,"{'ZERO': '0.000099990000999900009999000', 'MAKER_A_0.2BP': '0.000059986801463850734984100', 'MAKER_B_0.5BP': '-1.49977502624718779060E-8', 'STRESS_1BP': '-0.0001000099970004999300089989'}",1,0.009999000099990000999900000,1,2026-02-28,1711649.00000000,2875903.00000000
0.00004997751012044579939027437653,16.40988900,276.60475440,555.39336920,3808.36815164,125,0.999600159936025589764090000,1.0005,713,205,1.0004,928,187,31163.965585,"{'ZERO': '0.000099960015993602558976409', 'MAKER_A_0.2BP': '0.000059956817656929548334263', 'MAKER_B_0.5BP': '-4.49797582092106910048E-8', 'STRESS_1BP': '-0.0001000399760103957617033179'}",1,0.009996001599360255897640900,1,2026-03-01,972203.00000000,903069.00000000
0.00004996252810392205845615788159,5.59595900,203.28133580,721.19902190,8724.09014296,127,0.999300489657239932047570000,1.0008,778,137,1.0007,866,250,19894.175064,"{'ZERO': '0.000099930048965723993204757', 'MAKER_A_0.2BP': '0.000059926851827708124562401', 'MAKER_B_0.5BP': '-7.49437895348162540909E-8', 'STRESS_1BP': '-0.0001000699370454680323913247'}",1,0.009993004896572399320475700,1,2026-03-02,2485420.00000000,2027923.00000000
0.00005003752814610958218663997998,33.26877950,230.47662980,610.07033495,5670.72908317,110,1.000800640512409927942350000,0.9993,1044,170,0.9992,1249,236,32519.367944,"{'ZERO': '0.000100080064051240992794235', 'MAKER_A_0.2BP': '0.000060076860912741713140117', 'MAKER_B_0.5BP': '7.5056295223669561118E-8', 'STRESS_1BP': '-0.0000999199519599681344915949'}",1,0.010008006405124099279423500,1,2026-03-03,2698098.00000000,2666721.00000000
0.00005002751513332332783030666867,4.21222500,102.83167600,203.33164800,481.18322900,235,1.000600360216129677806680000,0.9995,638,241,0.9994,738,291,11693.739695,"{'ZERO': '0.000100060036021612967780668', 'MAKER_A_0.2BP': '0.000060056833684218851144290', 'MAKER_B_0.5BP': '5.5030268298472208669E-8', 'STRESS_1BP': '-0.0000999399759843907544406656'}",1,0.010006003602161296778066800,1,2026-03-04,613133.00000000,1289231.00000000
0.00004996752111127766951481537001,26.98395600,383.20959000,2001.81254260,10988.69878580,73,0.999400359784129522286630000,1.0007,1076,96,1.0006,547,108,12596.996291,"{'ZERO': '0.000099940035978412952228663', 'MAKER_A_0.2BP': '0.000059936838440924565478309', 'MAKER_B_0.5BP': '-6.49577754971935592707E-8', 'STRESS_1BP': '-0.0001000599520299818908774723'}",1,0.009994003597841295222866300,1,2026-03-05,1697598.00000000,2728374.00000000
0.00004998750312421894526368407898,4.91662400,194.22423700,1282.75366050,5751.13732722,99,0.999800039992001599680060000,1.0003,579,116,1.0002,791,151,8520.469505,"{'ZERO': '0.000099980003999200159968006', 'MAKER_A_0.2BP': '0.000059976804863022915506497', 'MAKER_B_0.5BP': '-2.49937513122344282706E-8', 'STRESS_1BP': '-0.0001000199920019995600919812'}",1,0.009998000399920015996800600,1,2026-03-06,396853.00000000,631930.00000000
0.00005003752814610958218663997998,3.41848950,436.7412670,627.56093810,1232.95031070,150,1.000800640512409927942350000,0.9993,523,233,0.9992,850,169,4059.154197,"{'ZERO': '0.000100080064051240992794235', 'MAKER_A_0.2BP': '0.000060076860912741713140117', 'MAKER_B_0.5BP': '7.5056295223669561118E-8', 'STRESS_1BP': '-0.0000999199519599681344915949'}",1,0.010008006405124099279423500,1,2026-03-07,878223.00000000,1169503.00000000
0.00005004253615573237251663914327,94.67832250,790.64364560,1781.29276835,6011.76547055,92,1.000900810729656691021920000,0.9992,427,107,0.9991,889,187,28172.203402,"{'ZERO': '0.000100090081072965669102192', 'MAKER_A_0.2BP': '0.000060086877533793533918132', 'MAKER_B_0.5BP': '8.5072315296256005937E-8', 'STRESS_1BP': '-0.0000999099369414474827164466'}",1,0.010009008107296566910219200,1,2026-03-08,665172.00000000,967789.00000000
0.00005004253615573237251663914327,27.01750850,557.61219150,772.59366350,1460.65657760,116,1.000900810729656691021920000,0.9992,455,124,0.9991,678,152,12204.035463,"{'ZERO': '0.000100090081072965669102192', 'MAKER_A_0.2BP': '0.000060086877533793533918132', 'MAKER_B_0.5BP': '8.5072315296256005937E-8', 'STRESS_1BP': '-0.0000999099369414474827164466'}",1,0.010009008107296566910219200,1,2026-03-09,384865.00000000,891407.00000000
0.00004997251511668582279746139623,15.20508000,313.48593180,1015.88267030,5294.34482590,115,0.999500249875062468765620000,1.0006,2272,215,1.0005,1071,184,10909.531253,"{'ZERO': '0.000099950024987506246876562', 'MAKER_A_0.2BP': '0.000059946827050465487441875', 'MAKER_B_0.5BP': '-5.49697652548656924975E-8', 'STRESS_1BP': '-0.0001000499650184906546826577'}",1,0.009995002498750624687656200,1,2026-03-10,3179137.00000000,1360623.00000000
0.00004997751012044579939027437653,4.36807100,94.86713460,129.03691880,355.35565968,73,0.999600159936025589764090000,1.0005,372,146,1.0004,161,74,410.104698,"{'ZERO': '0.000099960015993602558976409', 'MAKER_A_0.2BP': '0.000059956817656929548334263', 'MAKER_B_0.5BP': '-4.49797582092106910048E-8', 'STRESS_1BP': '-0.0001000399760103957617033179'}",1,0.009996001599360255897640900,1,2026-03-11,657636.00000000,204794.00000000
0.00005000250012500625031251562578,3.07402800,181.63989560,278.47362560,2474.49465456,213,1.000100010001000100010000000,1,903,287,0.9999,1572,291,11495.629577,"{'ZERO': '0.000100010001000100010001000', 'MAKER_A_0.2BP': '0.000060006800664066726666267', 'MAKER_B_0.5BP': '5.000250037503125344E-9', 'STRESS_1BP': '-0.0000999900009999000099990001'}",1,0.010001000100010001000100000,1,2026-03-12,1483463.00000000,1785215.00000000
0.00004998750312421894526368407898,5.98715150,51.88431840,123.46966535,235.46810322,124,0.999800039992001599680060000,1.0003,1617,234,1.0002,925,158,7210.040822,"{'ZERO': '0.000099980003999200159968006', 'MAKER_A_0.2BP': '0.000059976804863022915506497', 'MAKER_B_0.5BP': '-2.49937513122344282706E-8', 'STRESS_1BP': '-0.0001000199920019995600919812'}",1,0.009998000399920015996800600,1,2026-03-13,2455922.00000000,1322767.00000000
0.00005000750112516877531629744462,46.18527000,485.62706940,856.49925805,1501.54634126,222,1.000200040008001600320060000,0.9999,1078,287,0.9998,2179,239,5118.139642,"{'ZERO': '0.000100020004000800160032006', 'MAKER_A_0.2BP': '0.000060016803264654850931787', 'MAKER_B_0.5BP': '1.5002250487595644223E-8', 'STRESS_1BP': '-0.0000999799999995999599879980'}",1,0.010002000400080016003200600,1,2026-03-14,1752312.00000000,2609341.00000000
0.00005000750112516877531629744462,95.72990800,538.28380540,678.92000160,1280.90699452,135,1.000200040008001600320060000,0.9999,1803,244,0.9998,831,139,1766.523621,"{'ZERO': '0.000100020004000800160032006', 'MAKER_A_0.2BP': '0.000060016803264654850931787', 'MAKER_B_0.5BP': '1.5002250487595644223E-8', 'STRESS_1BP': '-0.0000999799999995999599879980'}",1,0.010002000400080016003200600,1,2026-03-15,2384472.00000000,1139715.00000000
0.00004996252810392205845615788159,23.02837800,336.88435960,924.86973420,3229.32466148,177,0.999300489657239932047570000,1.0008,2854,278,1.0007,1713,285,13128.045507,"{'ZERO': '0.000099930048965723993204757', 'MAKER_A_0.2BP': '0.000059926851827708124562401', 'MAKER_B_0.5BP': '-7.49437895348162540909E-8', 'STRESS_1BP': '-0.0001000699370454680323913247'}",1,0.009993004896572399320475700,1,2026-03-16,3057589.00000000,2950934.00000000
0.00004998750312421894526368407898,22.91996600,544.36895880,818.31189140,1508.10656836,125,0.999800039992001599680060000,1.0003,1804,192,1.0002,1866,168,2079.380373,"{'ZERO': '0.000099980003999200159968006', 'MAKER_A_0.2BP': '0.000059976804863022915506497', 'MAKER_B_0.5BP': '-2.49937513122344282706E-8', 'STRESS_1BP': '-0.0001000199920019995600919812'}",1,0.009998000399920015996800600,1,2026-03-17,2189408.00000000,4368122.00000000
0.00004999250112483127530870369445,4.89309800,110.52537000,234.33584200,545.77974310,91,0.999900009999000099990000000,1.0002,1569,169,1.0001,1466,135,713.693824,"{'ZERO': '0.000099990000999900009999000', 'MAKER_A_0.2BP': '0.000059986801463850734984100', 'MAKER_B_0.5BP': '-1.49977502624718779060E-8', 'STRESS_1BP': '-0.0001000099970004999300089989'}",1,0.009999000099990000999900000,1,2026-03-18,1517302.00000000,1775293.00000000
0.00005001750612714450057520132046,63.44736300,607.51384100,1145.15601400,4998.41271500,121,1.000400160064025610244100000,0.9997,1473,179,0.9996,1800,203,10143.555761,"{'ZERO': '0.000100040016006402561024410', 'MAKER_A_0.2BP': '0.000060036814469793037112447', 'MAKER_B_0.5BP': '3.5012254989491421787E-8', 'STRESS_1BP': '-0.0000999599919959984793837543'}",1,0.010004001600640256102441000,1,2026-03-19,4100425.00000000,3008351.00000000
0.00005001750612714450057520132046,39.88073800,453.18689840,777.49057500,4358.33558912,157,1.000400160064025610244100000,0.9997,2060,248,0.9996,2639,255,6131.306111,"{'ZERO': '0.000100040016006402561024410', 'MAKER_A_0.2BP': '0.000060036814469793037112447', 'MAKER_B_0.5BP': '3.5012254989491421787E-8', 'STRESS_1BP': '-0.0000999599919959984793837543'}",1,0.010004001600640256102441000,1,2026-03-20,2789083.00000000,3300559.00000000
0.00005003252113874018111772652224,1.04720650,118.68008500,202.08404025,1725.76715220,116,1.000700490343240268187730000,0.9994,1210,140,0.9993,374,124,5030.395922,"{'ZERO': '0.000100070049034324026818773', 'MAKER_A_0.2BP': '0.000060066846296417411989997', 'MAKER_B_0.5BP': '6.5042279758322701297E-8', 'STRESS_1BP': '-0.0000999299649740819973841703'}",1,0.010007004903432402681877300,1,2026-03-21,514631.00000000,193173.00000000
0.00005002751513332332783030666867,112.02829200,571.75281540,1127.21835670,2940.85168744,139,1.000600360216129677806680000,0.9995,779,149,0.9994,1980,211,8389.096592,"{'ZERO': '0.000100060036021612967780668', 'MAKER_A_0.2BP': '0.000060056833684218851144290', 'MAKER_B_0.5BP': '5.5030268298472208669E-8', 'STRESS_1BP': '-0.0000999399759843907544406656'}",1,0.010006003602161296778066800,1,2026-03-22,752713.00000000,1391912.00000000
0.00005001750612714450057520132046,32.17430250,233.22770450,561.55237510,2448.98727858,134,1.000400160064025610244100000,0.9997,1165,160,0.9996,2688,259,5767.508869,"{'ZERO': '0.000100040016006402561024410', 'MAKER_A_0.2BP': '0.000060036814469793037112447', 'MAKER_B_0.5BP': '3.5012254989491421787E-8', 'STRESS_1BP': '-0.0000999599919959984793837543'}",1,0.010004001600640256102441000,1,2026-03-23,1737382.00000000,2420048.00000000
0.00005002751513332332783030666867,59.02137500,928.45722640,1239.65895765,6663.98160681,98,1.000600360216129677806680000,0.9995,685,108,0.9994,1340,189,10966.336899,"{'ZERO': '0.000100060036021612967780668', 'MAKER_A_0.2BP': '0.000060056833684218851144290', 'MAKER_B_0.5BP': '5.5030268298472208669E-8', 'STRESS_1BP': '-0.0000999399759843907544406656'}",1,0.010006003602161296778066800,1,2026-03-24,432155.00000000,999105.00000000
0.00005000750112516877531629744462,26.11745150,477.51282320,766.44846550,2418.18782153,78,1.000200040008001600320060000,0.9999,1406,123,0.9998,981,112,3295.846535,"{'ZERO': '0.000100020004000800160032006', 'MAKER_A_0.2BP': '0.000060016803264654850931787', 'MAKER_B_0.5BP': '1.5002250487595644223E-8', 'STRESS_1BP': '-0.0000999799999995999599879980'}",1,0.010002000400080016003200600,1,2026-03-25,2220883.00000000,1090055.00000000
0.00005003752814610958218663997998,19.48037400,264.85309030,492.18346005,1632.92903870,84,1.000800640512409927942350000,0.9993,840,164,0.9992,1056,137,2669.143875,"{'ZERO': '0.000100080064051240992794235', 'MAKER_A_0.2BP': '0.000060076860912741713140117', 'MAKER_B_0.5BP': '7.5056295223669561118E-8', 'STRESS_1BP': '-0.0000999199519599681344915949'}",1,0.010008006405124099279423500,1,2026-03-26,440583.00000000,1566647.00000000
0.00005004253615573237251663914327,17.52317150,249.99584410,691.51438260,4279.98941718,160,1.000900810729656691021920000,0.9992,1596,213,0.9991,2050,238,5319.008849,"{'ZERO': '0.000100090081072965669102192', 'MAKER_A_0.2BP': '0.000060086877533793533918132', 'MAKER_B_0.5BP': '8.5072315296256005937E-8', 'STRESS_1BP': '-0.0000999099369414474827164466'}",1,0.010009008107296566910219200,1,2026-03-27,691885.00000000,2714458.00000000
0.00005005255518294208919365333600,29.02686500,331.34636180,447.64791640,4133.96350536,169,1.001101211332465712283510000,0.999,1073,211,0.9989,2104,199,6649.468357,"{'ZERO': '0.000100110121133246571228351', 'MAKER_A_0.2BP': '0.000060106916792488056535796', 'MAKER_B_0.5BP': '1.05110371671325333523E-7', 'STRESS_1BP': '-0.0000998899008887778756412075'}",1,0.010011012113324657122835100,1,2026-03-28,559756.00000000,890108.00000000
0.00005005756620113130099614556740,13.72976000,1525.29816860,2895.51997660,7675.49854848,85,1.001201441730076091309570000,0.9989,1575,135,0.9988,1174,151,11559.769977,"{'ZERO': '0.000100120144173007609130957', 'MAKER_A_0.2BP': '0.000060116939431335522268329', 'MAKER_B_0.5BP': '1.15132409178499825509E-7', 'STRESS_1BP': '-0.0000998798798534243491950364'}",1,0.010012014417300760913095700,1,2026-03-29,1176433.00000000,1101003.00000000
0.00005005255518294208919365333600,97.64795800,521.76950100,939.49586840,8670.30339886,103,1.001101211332465712283510000,0.999,815,187,0.9989,1681,177,8828.625899,"{'ZERO': '0.000100110121133246571228351', 'MAKER_A_0.2BP': '0.000060106916792488056535796', 'MAKER_B_0.5BP': '1.05110371671325333523E-7', 'STRESS_1BP': '-0.0000998899008887778756412075'}",1,0.010011012113324657122835100,1,2026-03-30,611297.00000000,933151.00000000
0.00005005255518294208919365333600,29.83895300,386.6107320,785.05149025,3469.30587551,138,1.001101211332465712283510000,0.999,1814,222,0.9989,2042,212,10736.914697,"{'ZERO': '0.000100110121133246571228351', 'MAKER_A_0.2BP': '0.000060106916792488056535796', 'MAKER_B_0.5BP': '1.05110371671325333523E-7', 'STRESS_1BP': '-0.0000998899008887778756412075'}",1,0.010011012113324657122835100,1,2026-03-31,1434201.00000000,1942055.00000000
0.00005002251012955830123555600020,38.02054250,390.26610100,501.13018360,7795.14286855,142,1.000500250125062531265630000,0.9996,1324,173,0.9995,2195,266,15444.676698,"{'ZERO': '0.000100050025012506253126563', 'MAKER_A_0.2BP': '0.000060046823075544492111659', 'MAKER_B_0.5BP': '4.5020260242615683123E-8', 'STRESS_1BP': '-0.0000999499849914958479139580'}",1,0.010005002501250625312656300,1,2026-04-01,591304.00000000,2027883.00000000
0.00005004754516790951403833641960,11.14068400,222.59847950,359.96316025,2764.27898300,176,1.001001001001001001001000000,0.9991,3272,336,0.999,3403,280,8808.542188,"{'ZERO': '0.000100100100100100100100100', 'MAKER_A_0.2BP': '0.000060096896160174894600206', 'MAKER_B_0.5BP': '9.5090340578066191786E-8', 'STRESS_1BP': '-0.0000998999199179181180981001'}",1,0.010010010010010010010010000,1,2026-04-02,2301500.00000000,3214812.00000000
0.00005004253615573237251663914327,53.00992400,506.65518340,938.76178180,1720.36841168,213,1.000900810729656691021920000,0.9992,1335,277,0.9991,1562,260,5390.702559,"{'ZERO': '0.000100090081072965669102192', 'MAKER_A_0.2BP': '0.000060086877533793533918132', 'MAKER_B_0.5BP': '8.5072315296256005937E-8', 'STRESS_1BP': '-0.0000999099369414474827164466'}",1,0.010009008107296566910219200,1,2026-04-03,1379891.00000000,1521976.00000000
0.00005004253615573237251663914327,55.00416000,934.58577950,1531.08436925,2058.69783440,134,1.000900810729656691021920000,0.9992,867,173,0.9991,1019,159,2460.045717,"{'ZERO': '0.000100090081072965669102192', 'MAKER_A_0.2BP': '0.000060086877533793533918132', 'MAKER_B_0.5BP': '8.5072315296256005937E-8', 'STRESS_1BP': '-0.0000999099369414474827164466'}",1,0.010009008107296566910219200,1,2026-04-04,824528.00000000,512921.00000000
0.00005004754516790951403833641960,22.39049000,336.66977120,659.2010940,1864.91429976,133,1.001001001001001001001000000,0.9991,1852,260,0.999,532,146,7288.118349,"{'ZERO': '0.000100100100100100100100100', 'MAKER_A_0.2BP': '0.000060096896160174894600206', 'MAKER_B_0.5BP': '9.5090340578066191786E-8', 'STRESS_1BP': '-0.0000998999199179181180981001'}",1,0.010010010010010010010010000,1,2026-04-05,1674841.00000000,256554.00000000
0.00005001250312578144536134033508,35.1898100,335.59174140,595.21752820,1660.83358582,175,1.000300090027008102430730000,0.9998,2592,243,0.9997,2575,271,14461.706148,"{'ZERO': '0.000100030009002700810243073', 'MAKER_A_0.2BP': '0.000060026807866363428958289', 'MAKER_B_0.5BP': '2.5006251938078298646E-8', 'STRESS_1BP': '-0.0000999699969984996098769637'}",1,0.010003000900270081024307300,1,2026-04-06,3711992.00000000,2465172.00000000
0.00005004253615573237251663914327,21.19003250,161.91649050,273.42224885,690.76071283,180,1.000900810729656691021920000,0.9992,2723,333,0.9991,1461,228,11403.884689,"{'ZERO': '0.000100090081072965669102192', 'MAKER_A_0.2BP': '0.000060086877533793533918132', 'MAKER_B_0.5BP': '8.5072315296256005937E-8', 'STRESS_1BP': '-0.0000999099369414474827164466'}",1,0.010009008107296566910219200,1,2026-04-07,2650951.00000000,1673863.00000000
0.00005002251012955830123555600020,75.33977300,493.77579960,870.13329340,8001.04918352,133,1.000500250125062531265630000,0.9996,2628,166,0.9995,3009,239,11498.73429,"{'ZERO': '0.000100050025012506253126563', 'MAKER_A_0.2BP': '0.000060046823075544492111659', 'MAKER_B_0.5BP': '4.5020260242615683123E-8', 'STRESS_1BP': '-0.0000999499849914958479139580'}",1,0.010005002501250625312656300,1,2026-04-08,3794306.00000000,5227943.00000000
0.00005001750612714450057520132046,50.01261200,397.81308900,549.50279550,17577.00166360,71,1.000400160064025610244100000,0.9997,2702,91,0.9996,1434,92,56860.597674,"{'ZERO': '0.000100040016006402561024410', 'MAKER_A_0.2BP': '0.000060036814469793037112447', 'MAKER_B_0.5BP': '3.5012254989491421787E-8', 'STRESS_1BP': '-0.0000999599919959984793837543'}",1,0.010004001600640256102441000,1,2026-04-09,2883348.00000000,1823349.00000000
0.00005001750612714450057520132046,34.55221850,390.24075850,630.38957450,8345.86886435,80,1.000400160064025610244100000,0.9997,484,116,0.9996,544,135,21240.01284,"{'ZERO': '0.000100040016006402561024410', 'MAKER_A_0.2BP': '0.000060036814469793037112447', 'MAKER_B_0.5BP': '3.5012254989491421787E-8', 'STRESS_1BP': '-0.0000999599919959984793837543'}",1,0.010004001600640256102441000,1,2026-04-10,691076.00000000,2214937.00000000
0.00004999750012499375031248437578,59.01084500,1219.32624490,2332.85111400,6234.22075433,104,1.0000,1.0001,588,123,1,2485,182,22127.245677,"{'ZERO': '0.0001', 'MAKER_A_0.2BP': '0.000059996800063998720025599', 'MAKER_B_0.5BP': '-4.9997500124993750312E-9', 'STRESS_1BP': '-0.0001'}",1,0.0100,1,2026-04-11,296301.00000000,3927623.00000000
0.00005001750612714450057520132046,81.19337000,621.35779140,1127.76008100,2081.35351224,65,1.000400160064025610244100000,0.9997,909,121,0.9996,1114,83,2861.139022,"{'ZERO': '0.000100040016006402561024410', 'MAKER_A_0.2BP': '0.000060036814469793037112447', 'MAKER_B_0.5BP': '3.5012254989491421787E-8', 'STRESS_1BP': '-0.0000999599919959984793837543'}",1,0.010004001600640256102441000,1,2026-04-12,1466060.00000000,1349633.00000000
0.00005000250012500625031251562578,8.01221300,276.11083400,328.00540200,1879.52562740,81,1.000100010001000100010000000,1,991,121,0.9999,1683,144,5440.183729,"{'ZERO': '0.000100010001000100010001000', 'MAKER_A_0.2BP': '0.000060006800664066726666267', 'MAKER_B_0.5BP': '5.000250037503125344E-9', 'STRESS_1BP': '-0.0000999900009999000099990001'}",1,0.010001000100010001000100000,1,2026-04-13,2295652.00000000,3644478.00000000
0.00004999250112483127530870369445,57.57100750,510.20961350,784.00880065,2809.29213690,92,0.999900009999000099990000000,1.0002,1582,141,1.0001,1364,158,3881.681919,"{'ZERO': '0.000099990000999900009999000', 'MAKER_A_0.2BP': '0.000059986801463850734984100', 'MAKER_B_0.5BP': '-1.49977502624718779060E-8', 'STRESS_1BP': '-0.0001000099970004999300089989'}",1,0.009999000099990000999900000,1,2026-04-14,3445773.00000000,5141611.00000000
0.00005001750612714450057520132046,87.31927300,740.84795790,1086.17684700,2114.01222662,142,1.000400160064025610244100000,0.9997,1942,198,0.9996,2888,202,9125.490916,"{'ZERO': '0.000100040016006402561024410', 'MAKER_A_0.2BP': '0.000060036814469793037112447', 'MAKER_B_0.5BP': '3.5012254989491421787E-8', 'STRESS_1BP': '-0.0000999599919959984793837543'}",1,0.010004001600640256102441000,1,2026-04-15,3041353.00000000,5964298.00000000
0.00005002251012955830123555600020,53.69200100,267.07404740,488.33986310,1592.14164974,243,1.000500250125062531265630000,0.9996,3221,320,0.9995,2288,322,3232.706873,"{'ZERO': '0.000100050025012506253126563', 'MAKER_A_0.2BP': '0.000060046823075544492111659', 'MAKER_B_0.5BP': '4.5020260242615683123E-8', 'STRESS_1BP': '-0.0000999499849914958479139580'}",1,0.010005002501250625312656300,1,2026-04-16,5952051.00000000,4009908.00000000
0.00005002251012955830123555600020,41.97067500,289.22625400,565.05646400,1000.98119840,161,1.000500250125062531265630000,0.9996,1824,266,0.9995,784,183,1417.114492,"{'ZERO': '0.000100050025012506253126563', 'MAKER_A_0.2BP': '0.000060046823075544492111659', 'MAKER_B_0.5BP': '4.5020260242615683123E-8', 'STRESS_1BP': '-0.0000999499849914958479139580'}",1,0.010005002501250625312656300,1,2026-04-17,1218670.00000000,1628327.00000000
0.00005001750612714450057520132046,53.88578050,314.05692700,444.03557075,1497.99837205,296,1.000400160064025610244100000,0.9997,2141,339,0.9996,1144,323,4067.718945,"{'ZERO': '0.000100040016006402561024410', 'MAKER_A_0.2BP': '0.000060036814469793037112447', 'MAKER_B_0.5BP': '3.5012254989491421787E-8', 'STRESS_1BP': '-0.0000999599919959984793837543'}",1,0.010004001600640256102441000,1,2026-04-18,2584431.00000000,1476562.00000000
0.00005002751513332332783030666867,59.77855300,375.11376700,794.46657635,3266.87135147,204,1.000600360216129677806680000,0.9995,2825,358,0.9994,2327,261,5209.21716,"{'ZERO': '0.000100060036021612967780668', 'MAKER_A_0.2BP': '0.000060056833684218851144290', 'MAKER_B_0.5BP': '5.5030268298472208669E-8', 'STRESS_1BP': '-0.0000999399759843907544406656'}",1,0.010006003602161296778066800,1,2026-04-19,4778834.00000000,2789268.00000000
0.00005002751513332332783030666867,50.84348000,527.49932100,843.35499680,4739.44993368,120,1.000600360216129677806680000,0.9995,2527,229,0.9994,861,167,7077.020594,"{'ZERO': '0.000100060036021612967780668', 'MAKER_A_0.2BP': '0.000060056833684218851144290', 'MAKER_B_0.5BP': '5.5030268298472208669E-8', 'STRESS_1BP': '-0.0000999399759843907544406656'}",1,0.010006003602161296778066800,1,2026-04-20,3904285.00000000,1188736.00000000
0.00005003752814610958218663997998,57.28352500,256.25376000,332.20440980,1250.75615112,93,1.000800640512409927942350000,0.9993,1684,144,0.9992,779,130,9170.591896,"{'ZERO': '0.000100080064051240992794235', 'MAKER_A_0.2BP': '0.000060076860912741713140117', 'MAKER_B_0.5BP': '7.5056295223669561118E-8', 'STRESS_1BP': '-0.0000999199519599681344915949'}",1,0.010008006405124099279423500,1,2026-04-21,2798714.00000000,1848426.00000000
0.00005002251012955830123555600020,55.94662200,301.74725100,470.14592550,6134.90349250,151,1.000500250125062531265630000,0.9996,1779,196,0.9995,2243,294,18990.959025,"{'ZERO': '0.000100050025012506253126563', 'MAKER_A_0.2BP': '0.000060046823075544492111659', 'MAKER_B_0.5BP': '4.5020260242615683123E-8', 'STRESS_1BP': '-0.0000999499849914958479139580'}",1,0.010005002501250625312656300,1,2026-04-22,3469900.00000000,4639841.00000000
0.00005004754516790951403833641960,58.29036000,441.23507080,602.40697980,3306.16991176,117,1.001001001001001001001000000,0.9991,1752,224,0.999,1098,196,7357.119172,"{'ZERO': '0.000100100100100100100100100', 'MAKER_A_0.2BP': '0.000060096896160174894600206', 'MAKER_B_0.5BP': '9.5090340578066191786E-8', 'STRESS_1BP': '-0.0000998999199179181180981001'}",1,0.010010010010010010010010000,1,2026-04-23,3010011.00000000,2086092.00000000
0.00005004253615573237251663914327,56.99862350,565.05563770,937.44505550,3551.41354969,94,1.000900810729656691021920000,0.9992,622,132,0.9991,1190,163,14154.372442,"{'ZERO': '0.000100090081072965669102192', 'MAKER_A_0.2BP': '0.000060086877533793533918132', 'MAKER_B_0.5BP': '8.5072315296256005937E-8', 'STRESS_1BP': '-0.0000999099369414474827164466'}",1,0.010009008107296566910219200,1,2026-04-24,878545.00000000,1031143.00000000
0.00005006759124818504981725329194,42.79063000,636.79796800,811.03243790,1648.70384572,83,1.001401962747846985780090000,0.9987,576,127,0.9986,549,109,1793.283502,"{'ZERO': '0.000100140196274784698578009', 'MAKER_A_0.2BP': '0.000060136990731044581992398', 'MAKER_B_0.5BP': '1.35182505845667059727E-7', 'STRESS_1BP': '-0.0000998598317616666132305255'}",1,0.010014019627478469857800900,1,2026-04-25,1431896.00000000,311288.00000000
0.00005007260527765259626458364629,45.16002400,595.76229350,899.66140950,1949.28396875,136,1.001502253380070105157740000,0.9986,1955,259,0.9985,983,152,2750.434379,"{'ZERO': '0.000100150225338007010515774', 'MAKER_A_0.2BP': '0.000060147019393112388127801', 'MAKER_B_0.5BP': '1.45210566211799575269E-7', 'STRESS_1BP': '-0.0000998498047040563845468232'}",1,0.010015022533800701051577400,1,2026-04-26,7856495.00000000,2414105.00000000
0.00005007260527765259626458364629,16.08738800,341.46031240,1687.99576460,3973.11813909,108,1.001502253380070105157740000,0.9986,1078,203,0.9985,1317,200,5297.220792,"{'ZERO': '0.000100150225338007010515774', 'MAKER_A_0.2BP': '0.000060147019393112388127801', 'MAKER_B_0.5BP': '1.45210566211799575269E-7', 'STRESS_1BP': '-0.0000998498047040563845468232'}",1,0.010015022533800701051577400,1,2026-04-27,7209105.00000000,21246264.00000000
0.00005008263634997746281364251014,232.99317800,979.18425300,1729.02005100,2365.80218300,101,1.001702894921366322748670000,0.9984,336,102,0.9983,1204,205,8950.261436,"{'ZERO': '0.000100170289492136632274867', 'MAKER_A_0.2BP': '0.000060167082744691895704308', 'MAKER_B_0.5BP': '1.65272714026324127047E-7', 'STRESS_1BP': '-0.0000998297445623563457537848'}",1,0.010017028949213663227486700,1,2026-04-28,217260.00000000,2434345.00000000
0.00005007260527765259626458364629,42.04205550,305.39556750,1612.64782470,6804.03812711,70,1.001502253380070105157740000,0.9986,897,110,0.9985,1158,137,8431.896119,"{'ZERO': '0.000100150225338007010515774', 'MAKER_A_0.2BP': '0.000060147019393112388127801', 'MAKER_B_0.5BP': '1.45210566211799575269E-7', 'STRESS_1BP': '-0.0000998498047040563845468232'}",1,0.010015022533800701051577400,1,2026-04-29,10093765.00000000,6869689.00000000
0.0001001401962747846985780092129,20.00064800,190.36499640,279.25601700,966.19665680,97,2.003004506760140210315470000,0.9987,1184,227,0.9985,296,113,1314.199844,"{'ZERO': '0.000200300450676014021031547', 'MAKER_A_0.2BP': '0.000160293238802224456262001', 'MAKER_B_0.5BP': '0.000100285421382411099775507', 'STRESS_1BP': '2.80392591687250904354E-7'}",1,0.020030045067601402103154700,2,2026-04-30,17841515.00000000,4401268.00000000
0.00005004754516790951403833641960,50.65195000,889.32479100,1419.72455800,4128.83940900,121,1.001001001001001001001000000,0.9991,621,142,0.999,1547,177,19534.195253,"{'ZERO': '0.000100100100100100100100100', 'MAKER_A_0.2BP': '0.000060096896160174894600206', 'MAKER_B_0.5BP': '9.5090340578066191786E-8', 'STRESS_1BP': '-0.0000998999199179181180981001'}",1,0.010010010010010010010010000,1,2026-05-01,4085740.00000000,8843225.00000000
0.00005005255518294208919365333600,26.28646500,451.67543020,810.46412880,1776.08795564,293,1.001101211332465712283510000,0.999,1773,343,0.9989,1175,302,2685.304342,"{'ZERO': '0.000100110121133246571228351', 'MAKER_A_0.2BP': '0.000060106916792488056535796', 'MAKER_B_0.5BP': '1.05110371671325333523E-7', 'STRESS_1BP': '-0.0000998899008887778756412075'}",1,0.010011012113324657122835100,1,2026-05-02,8959979.00000000,584110.00000000
0.00005005255518294208919365333600,51.90005100,738.76255220,1532.63073840,4503.95249628,97,1.001101211332465712283510000,0.999,1109,178,0.9989,500,119,4715.149599,"{'ZERO': '0.000100110121133246571228351', 'MAKER_A_0.2BP': '0.000060106916792488056535796', 'MAKER_B_0.5BP': '1.05110371671325333523E-7', 'STRESS_1BP': '-0.0000998899008887778756412075'}",1,0.010011012113324657122835100,1,2026-05-03,8166120.00000000,1014822.00000000
0.00005004253615573237251663914327,61.02037650,563.27990010,740.50506770,2189.06980828,198,1.000900810729656691021920000,0.9992,1819,246,0.9991,2511,290,13647.072223,"{'ZERO': '0.000100090081072965669102192', 'MAKER_A_0.2BP': '0.000060086877533793533918132', 'MAKER_B_0.5BP': '8.5072315296256005937E-8', 'STRESS_1BP': '-0.0000999099369414474827164466'}",1,0.010009008107296566910219200,1,2026-05-04,4857651.00000000,4839364.00000000
0.00005003252113874018111772652224,105.45386100,459.25495400,731.80390000,1335.06684000,161,1.000700490343240268187730000,0.9994,1192,199,0.9993,1505,243,16327.299536,"{'ZERO': '0.000100070049034324026818773', 'MAKER_A_0.2BP': '0.000060066846296417411989997', 'MAKER_B_0.5BP': '6.5042279758322701297E-8', 'STRESS_1BP': '-0.0000999299649740819973841703'}",1,0.010007004903432402681877300,1,2026-05-05,4429636.00000000,3323158.00000000
0.00005003752814610958218663997998,40.32596700,268.27048500,432.86862320,985.98891066,254,1.000800640512409927942350000,0.9993,2223,472,0.9992,1670,279,2976.509835,"{'ZERO': '0.000100080064051240992794235', 'MAKER_A_0.2BP': '0.000060076860912741713140117', 'MAKER_B_0.5BP': '7.5056295223669561118E-8', 'STRESS_1BP': '-0.0000999199519599681344915949'}",1,0.010008006405124099279423500,1,2026-05-06,12377441.00000000,6418906.00000000
0.00005004253615573237251663914327,17.85959300,120.54308640,182.95286740,452.44515400,223,1.000900810729656691021920000,0.9992,2593,329,0.9991,1615,306,1202.73344,"{'ZERO': '0.000100090081072965669102192', 'MAKER_A_0.2BP': '0.000060086877533793533918132', 'MAKER_B_0.5BP': '8.5072315296256005937E-8', 'STRESS_1BP': '-0.0000999099369414474827164466'}",1,0.010009008107296566910219200,1,2026-05-07,5783754.00000000,2434927.00000000
0.00005004253615573237251663914327,33.37407700,252.78017420,388.96250900,1341.26837238,247,1.000900810729656691021920000,0.9992,1485,264,0.9991,2110,415,26945.141592,"{'ZERO': '0.000100090081072965669102192', 'MAKER_A_0.2BP': '0.000060086877533793533918132', 'MAKER_B_0.5BP': '8.5072315296256005937E-8', 'STRESS_1BP': '-0.0000999099369414474827164466'}",1,0.010009008107296566910219200,1,2026-05-08,2684790.00000000,2998280.00000000
0.00005003252113874018111772652224,47.87749900,379.33676880,682.96623625,1380.62916461,210,1.000700490343240268187730000,0.9994,1151,224,0.9993,1216,273,7738.976613,"{'ZERO': '0.000100070049034324026818773', 'MAKER_A_0.2BP': '0.000060066846296417411989997', 'MAKER_B_0.5BP': '6.5042279758322701297E-8', 'STRESS_1BP': '-0.0000999299649740819973841703'}",1,0.010007004903432402681877300,1,2026-05-09,922285.00000000,686928.00000000
0.00005002251012955830123555600020,19.85925300,309.99225940,764.31651920,3844.94406684,189,1.000500250125062531265630000,0.9996,2240,301,0.9995,2538,357,20089.486819,"{'ZERO': '0.000100050025012506253126563', 'MAKER_A_0.2BP': '0.000060046823075544492111659', 'MAKER_B_0.5BP': '4.5020260242615683123E-8', 'STRESS_1BP': '-0.0000999499849914958479139580'}",1,0.010005002501250625312656300,1,2026-05-10,10390363.00000000,13496418.00000000
0.00005004253615573237251663914327,45.44782050,236.38864960,390.56061850,6441.35936736,148,1.000900810729656691021920000,0.9992,856,199,0.9991,1664,253,11610.992087,"{'ZERO': '0.000100090081072965669102192', 'MAKER_A_0.2BP': '0.000060086877533793533918132', 'MAKER_B_0.5BP': '8.5072315296256005937E-8', 'STRESS_1BP': '-0.0000999099369414474827164466'}",1,0.010009008107296566910219200,1,2026-05-11,1650529.00000000,10548550.00000000
0.00005007260527765259626458364629,42.88167200,306.49199620,413.66561925,2242.68638419,120,1.001502253380070105157740000,0.9986,1270,252,0.9985,1271,181,3464.136541,"{'ZERO': '0.000100150225338007010515774', 'MAKER_A_0.2BP': '0.000060147019393112388127801', 'MAKER_B_0.5BP': '1.45210566211799575269E-7', 'STRESS_1BP': '-0.0000998498047040563845468232'}",1,0.010015022533800701051577400,1,2026-05-12,4279344.00000000,3196153.00000000
0.00005007762031148279833742300566,20.69988400,160.35721420,257.27990310,1859.94292880,95,1.001602564102564102564100000,0.9985,1121,200,0.9984,985,142,11000.047715,"{'ZERO': '0.000100160256410256410256410', 'MAKER_A_0.2BP': '0.000060157050064126922589753', 'MAKER_B_0.5BP': '1.55240635404127229536E-7', 'STRESS_1BP': '-0.0000998397756378208333012853'}",1,0.010016025641025641025641000,1,2026-05-13,11073329.00000000,10726206.00000000
0.00005009267144216801082001703151,57.44862200,464.41142450,768.97111800,2389.07678018,150,1.001903616872056908125440000,0.9982,1331,194,0.9981,1526,204,4377.859198,"{'ZERO': '0.000100190361687205690812544', 'MAKER_A_0.2BP': '0.000060187154136889208914549', 'MAKER_B_0.5BP': '1.85342901976231716417E-7', 'STRESS_1BP': '-0.0000998096763813248972668107'}",1,0.010019036168720569081254400,1,2026-05-14,845580.00000000,1113331.00000000
0.00005008263634997746281364251014,58.23211100,302.53666710,442.84560085,951.05991772,114,1.001702894921366322748670000,0.9984,932,159,0.9983,1002,140,1867.833043,"{'ZERO': '0.000100170289492136632274867', 'MAKER_A_0.2BP': '0.000060167082744691895704308', 'MAKER_B_0.5BP': '1.65272714026324127047E-7', 'STRESS_1BP': '-0.0000998297445623563457537848'}",1,0.010017028949213663227486700,1,2026-05-15,810597.00000000,646351.00000000
0.00005010773162298942726862754923,38.99861350,291.42250220,584.78336505,1207.68428437,188,1.002204850671477249949890000,0.9979,1932,246,0.9978,1001,206,2456.353247,"{'ZERO': '0.000100220485067147724994989', 'MAKER_A_0.2BP': '0.000060217276311920143637616', 'MAKER_B_0.5BP': '2.15463269730881064686E-7', 'STRESS_1BP': '-0.0000997795590254564441330972'}",1,0.010022048506714772499498900,1,2026-05-16,4791443.00000000,1270980.00000000
0.00005009769049646811281999899805,187.47857200,661.59767800,906.09717500,2931.16566364,85,1.002004008016032064128260000,0.9981,782,116,0.998,979,133,5316.012817,"{'ZERO': '0.000100200400801603206412826', 'MAKER_A_0.2BP': '0.000060197192849730179745102', 'MAKER_B_0.5BP': '1.95381012512500627474E-7', 'STRESS_1BP': '-0.0000997996392745494989579198'}",1,0.010020040080160320641282600,1,2026-05-17,6784261.00000000,4306591.00000000
0.00005011777677542224226933293239,17.83420100,293.60064500,456.59731325,906.30665180,106,1.002405773857257417802730000,0.9977,2201,197,0.9976,454,126,1712.304061,"{'ZERO': '0.000100240577385725741780273', 'MAKER_A_0.2BP': '0.000060237367826821490835620', 'MAKER_B_0.5BP': '2.35553579177496618353E-7', 'STRESS_1BP': '-0.0000997594707249403367602293'}",1,0.010024057738572574178027300,1,2026-05-18,5654783.00000000,612452.00000000
0.00005010271055664111428428277970,94.20410700,617.9739080,1004.78136890,8173.53044522,135,1.002104419280489026956610000,0.998,663,189,0.9979,1159,228,12881.394673,"{'ZERO': '0.000100210441928048902695661', 'MAKER_A_0.2BP': '0.000060207233574538850940588', 'MAKER_B_0.5BP': '2.05421134895755462753E-7', 'STRESS_1BP': '-0.0000997896001561282893656721'}",1,0.010021044192804890269566100,1,2026-05-19,2404344.00000000,2369343.00000000
0.00005009267144216801082001703151,27.11411800,336.63201660,812.64309180,3858.21561278,164,1.001903616872056908125440000,0.9982,2446,253,0.9981,1153,214,24634.829909,"{'ZERO': '0.000100190361687205690812544', 'MAKER_A_0.2BP': '0.000060187154136889208914549', 'MAKER_B_0.5BP': '1.85342901976231716417E-7', 'STRESS_1BP': '-0.0000998096763813248972668107'}",1,0.010019036168720569081254400,1,2026-05-20,5864000.00000000,5812739.00000000
0.00005006759124818504981725329194,0.01853100,29.80272760,92.38950130,6266.36671572,203,1.001401962747846985780090000,0.9987,287,206,0.9986,2172,349,16430.862032,"{'ZERO': '0.000100140196274784698578009', 'MAKER_A_0.2BP': '0.000060136990731044581992398', 'MAKER_B_0.5BP': '1.35182505845667059727E-7', 'STRESS_1BP': '-0.0000998598317616666132305255'}",1,0.010014019627478469857800900,1,2026-05-21,425225.00000000,10123272.00000000
0.00005009267144216801082001703151,73.73711600,417.86492390,468.94081475,544.85655306,104,1.001903616872056908125440000,0.9982,438,152,0.9981,703,114,808.809783,"{'ZERO': '0.000100190361687205690812544', 'MAKER_A_0.2BP': '0.000060187154136889208914549', 'MAKER_B_0.5BP': '1.85342901976231716417E-7', 'STRESS_1BP': '-0.0000998096763813248972668107'}",1,0.010019036168720569081254400,1,2026-05-22,480420.00000000,475075.00000000
0.00005013285205795357697899433499,6.69093200,165.48300780,605.56653260,3436.90656512,129,1.002707309736287977539360000,0.9974,1052,248,0.9973,1243,220,28980.955934,"{'ZERO': '0.000100270730973628797753936', 'MAKER_A_0.2BP': '0.000060267520208605153074919', 'MAKER_B_0.5BP': '2.65704151872522687914E-7', 'STRESS_1BP': '-0.0000997293231671518499408457'}",1,0.010027073097362879775393600,1,2026-05-23,1235870.00000000,886207.00000000
0.00005011777677542224226933293239,19.80844700,260.10805300,481.09812500,2491.32407960,121,1.002405773857257417802730000,0.9977,1613,149,0.9976,999,173,7744.57166,"{'ZERO': '0.000100240577385725741780273', 'MAKER_A_0.2BP': '0.000060237367826821490835620', 'MAKER_B_0.5BP': '2.35553579177496618353E-7', 'STRESS_1BP': '-0.0000997594707249403367602293'}",1,0.010024057738572574178027300,1,2026-05-24,5067716.00000000,3981637.00000000
0.00005009769049646811281999899805,90.61053500,473.08689140,756.22740100,3309.71506622,158,1.002004008016032064128260000,0.9981,403,169,0.998,2482,240,12328.144041,"{'ZERO': '0.000100200400801603206412826', 'MAKER_A_0.2BP': '0.000060197192849730179745102', 'MAKER_B_0.5BP': '1.95381012512500627474E-7', 'STRESS_1BP': '-0.0000997996392745494989579198'}",1,0.010020040080160320641282600,1,2026-05-25,829802.00000000,3443917.00000000
0.00005011275369581558506639939865,41.49725600,372.85533340,810.07862860,2097.28545928,83,1.002305302195048611807160000,0.9978,1118,141,0.9977,1008,131,5051.734714,"{'ZERO': '0.000100230530219504861180716', 'MAKER_A_0.2BP': '0.000060227321062479221499062', 'MAKER_B_0.5BP': '2.25507417623004787417E-7', 'STRESS_1BP': '-0.0000997695158819288964157608'}",1,0.010023053021950486118071600,1,2026-05-26,3530049.00000000,1542415.00000000
0.00005014793641241662905571435735,20.65942400,204.13740400,388.24842300,1189.8376500,141,1.003009027081243731193580000,0.9971,1796,186,0.997,880,165,10152.435195,"{'ZERO': '0.000100300902708124373119358', 'MAKER_A_0.2BP': '0.000060297690736255485522185', 'MAKER_B_0.5BP': '2.95872869345499625721E-7', 'STRESS_1BP': '-0.0000996991574663997993380201'}",1,0.010030090270812437311935800,1,2026-05-27,2314082.00000000,1332443.00000000
0.00005015296654797131250313456041,35.21283700,252.97068840,393.00053960,2499.36642956,63,1.003109639883639281773500000,0.997,1768,103,0.9969,318,76,5231.846278,"{'ZERO': '0.000100310963988363928177350', 'MAKER_A_0.2BP': '0.000060307751614051879861189', 'MAKER_B_0.5BP': '3.05933143507334614210E-7', 'STRESS_1BP': '-0.0000996890981982150867067973'}",1,0.010031096398836392817735000,1,2026-05-28,4888294.00000000,429818.00000000
0.00005008263634997746281364251014,79.43509700,606.01311620,969.63186310,5511.01462802,83,1.001702894921366322748670000,0.9984,951,160,0.9983,423,123,19124.129983,"{'ZERO': '0.000100170289492136632274867', 'MAKER_A_0.2BP': '0.000060167082744691895704308', 'MAKER_B_0.5BP': '1.65272714026324127047E-7', 'STRESS_1BP': '-0.0000998297445623563457537848'}",1,0.010017028949213663227486700,1,2026-05-29,1674224.00000000,761877.00000000
0.00005007762031148279833742300566,34.59444400,227.76203220,560.99325300,924.56693450,123,1.001602564102564102564100000,0.9985,1498,241,0.9984,783,129,1053.345458,"{'ZERO': '0.000100160256410256410256410', 'MAKER_A_0.2BP': '0.000060157050064126922589753', 'MAKER_B_0.5BP': '1.55240635404127229536E-7', 'STRESS_1BP': '-0.0000998397756378208333012853'}",1,0.010016025641025641025641000,1,2026-05-30,1547232.00000000,674077.00000000
0.00005007762031148279833742300566,42.26561900,281.10252800,590.67380400,4212.01002400,141,1.001602564102564102564100000,0.9985,1179,207,0.9984,1276,224,7062.473963,"{'ZERO': '0.000100160256410256410256410', 'MAKER_A_0.2BP': '0.000060157050064126922589753', 'MAKER_B_0.5BP': '1.55240635404127229536E-7', 'STRESS_1BP': '-0.0000998397756378208333012853'}",1,0.010016025641025641025641000,1,2026-05-31,1182484.00000000,1383429.00000000
0.00005008765339343851740545955422,48.73881800,321.90402410,575.08321830,1625.60454442,108,1.001803245842516529753560000,0.9983,1880,190,0.9982,664,140,21391.265804,"{'ZERO': '0.000100180324584251652975356', 'MAKER_A_0.2BP': '0.000060177117435411259717102', 'MAKER_B_0.5BP': '1.75306802682306277393E-7', 'STRESS_1BP': '-0.0000998197114770590662833136'}",1,0.010018032458425165297535600,1,2026-06-01,2838880.00000000,712423.00000000
0.00005012782595618828011429144318,11.98665250,96.62676040,211.94191460,702.79045978,108,1.002606777621816723481050000,0.9975,1656,194,0.9974,1629,139,749.296044,"{'ZERO': '0.000100260677762181672348105', 'MAKER_A_0.2BP': '0.000060257467399278443145795', 'MAKER_B_0.5BP': '2.55651945696278450565E-7', 'STRESS_1BP': '-0.0000997393743681577300461251'}",1,0.010026067776218167234810500,1,2026-06-02,2740467.00000000,1536481.00000000
0.00005010773162298942726862754923,42.03136200,304.61619280,682.53880415,1695.98873765,172,1.002204850671477249949890000,0.9979,1946,271,0.9978,1046,278,32151.151933,"{'ZERO': '0.000100220485067147724994989', 'MAKER_A_0.2BP': '0.000060217276311920143637616', 'MAKER_B_0.5BP': '2.15463269730881064686E-7', 'STRESS_1BP': '-0.0000997795590254564441330972'}",1,0.010022048506714772499498900,1,2026-06-03,2728678.00000000,1196345.00000000
0.00005011777677542224226933293239,28.21287600,201.31428560,534.64310380,4531.97704874,199,1.002405773857257417802730000,0.9977,2162,311,0.9976,2605,408,14847.522666,"{'ZERO': '0.000100240577385725741780273', 'MAKER_A_0.2BP': '0.000060237367826821490835620', 'MAKER_B_0.5BP': '2.35553579177496618353E-7', 'STRESS_1BP': '-0.0000997594707249403367602293'}",1,0.010024057738572574178027300,1,2026-06-04,4879378.00000000,2849319.00000000
0.00005011275369581558506639939865,14.69820400,337.94627980,539.95242810,10927.84660766,155,1.002305302195048611807160000,0.9978,2361,309,0.9977,2334,320,27408.161444,"{'ZERO': '0.000100230530219504861180716', 'MAKER_A_0.2BP': '0.000060227321062479221499062', 'MAKER_B_0.5BP': '2.25507417623004787417E-7', 'STRESS_1BP': '-0.0000997695158819288964157608'}",1,0.010023053021950486118071600,1,2026-06-05,2523392.00000000,4522415.00000000
0.00005011777677542224226933293239,31.68352500,322.64357460,607.07643660,2199.54583396,173,1.002405773857257417802730000,0.9977,1385,254,0.9976,1481,295,32495.154934,"{'ZERO': '0.000100240577385725741780273', 'MAKER_A_0.2BP': '0.000060237367826821490835620', 'MAKER_B_0.5BP': '2.35553579177496618353E-7', 'STRESS_1BP': '-0.0000997594707249403367602293'}",1,0.010024057738572574178027300,1,2026-06-06,1710579.00000000,2734872.00000000
0.00005011777677542224226933293239,127.31214800,523.56730850,842.41459150,1996.28136250,136,1.002405773857257417802730000,0.9977,771,240,0.9976,1542,164,2034.999382,"{'ZERO': '0.000100240577385725741780273', 'MAKER_A_0.2BP': '0.000060237367826821490835620', 'MAKER_B_0.5BP': '2.35553579177496618353E-7', 'STRESS_1BP': '-0.0000997594707249403367602293'}",1,0.010024057738572574178027300,1,2026-06-07,1503711.00000000,987937.00000000
0.00005009769049646811281999899805,39.63078100,457.14405240,726.09537700,12913.49884740,77,1.002004008016032064128260000,0.9981,698,128,0.998,868,162,19738.03827,"{'ZERO': '0.000100200400801603206412826', 'MAKER_A_0.2BP': '0.000060197192849730179745102', 'MAKER_B_0.5BP': '1.95381012512500627474E-7', 'STRESS_1BP': '-0.0000997996392745494989579198'}",1,0.010020040080160320641282600,1,2026-06-08,836814.00000000,1525641.00000000
0.00005011275369581558506639939865,42.77328500,279.07115100,327.88043775,941.19628625,126,1.002305302195048611807160000,0.9978,1137,183,0.9977,1860,157,2075.499482,"{'ZERO': '0.000100230530219504861180716', 'MAKER_A_0.2BP': '0.000060227321062479221499062', 'MAKER_B_0.5BP': '2.25507417623004787417E-7', 'STRESS_1BP': '-0.0000997695158819288964157608'}",1,0.010023053021950486118071600,1,2026-06-09,2177621.00000000,2047278.00000000
0.00005011777677542224226933293239,85.35483100,585.39078300,877.60484600,3788.59096450,126,1.002405773857257417802730000,0.9977,640,160,0.9976,1646,253,11250.37924,"{'ZERO': '0.000100240577385725741780273', 'MAKER_A_0.2BP': '0.000060237367826821490835620', 'MAKER_B_0.5BP': '2.35553579177496618353E-7', 'STRESS_1BP': '-0.0000997594707249403367602293'}",1,0.010024057738572574178027300,1,2026-06-10,1639122.00000000,1830270.00000000
0.00005013285205795357697899433499,90.97029450,462.36750990,1003.25336550,2237.79872553,80,1.002707309736287977539360000,0.9974,734,135,0.9973,687,124,2570.589459,"{'ZERO': '0.000100270730973628797753936', 'MAKER_A_0.2BP': '0.000060267520208605153074919', 'MAKER_B_0.5BP': '2.65704151872522687914E-7', 'STRESS_1BP': '-0.0000997293231671518499408457'}",1,0.010027073097362879775393600,1,2026-06-11,1675355.00000000,761916.00000000
0.00005012280086211217482832940705,60.03104050,306.46431110,561.96357470,6526.27142404,82,1.002506265664160401002510000,0.9976,535,92,0.9975,539,91,28551.727285,"{'ZERO': '0.000100250626566416040100251', 'MAKER_A_0.2BP': '0.000060247416605552600727434', 'MAKER_B_0.5BP': '2.45601754999969299781E-7', 'STRESS_1BP': '-0.0000997494235538852129824612'}",1,0.010025062656641604010025100,1,2026-06-12,925397.00000000,607888.00000000
0.00005010271055664111428428277970,78.41028600,507.95777420,1190.44512860,2323.26232960,105,1.002104419280489026956610000,0.998,1591,266,0.9979,454,130,2436.821933,"{'ZERO': '0.000100210441928048902695661', 'MAKER_A_0.2BP': '0.000060207233574538850940588', 'MAKER_B_0.5BP': '2.05421134895755462753E-7', 'STRESS_1BP': '-0.0000997896001561282893656721'}",1,0.010021044192804890269566100,1,2026-06-13,1284408.00000000,619982.00000000
0.00005009769049646811281999899805,97.34407700,1014.10059200,1637.93985150,10409.17893215,66,1.002004008016032064128260000,0.9981,729,136,0.998,1166,129,24295.75598,"{'ZERO': '0.000100200400801603206412826', 'MAKER_A_0.2BP': '0.000060197192849730179745102', 'MAKER_B_0.5BP': '1.95381012512500627474E-7', 'STRESS_1BP': '-0.0000997996392745494989579198'}",1,0.010020040080160320641282600,1,2026-06-14,802365.00000000,1564671.00000000
0.00005010271055664111428428277970,78.19144800,477.38660060,1143.83989360,3790.74065552,89,1.002104419280489026956610000,0.998,794,123,0.9979,1048,153,14116.141518,"{'ZERO': '0.000100210441928048902695661', 'MAKER_A_0.2BP': '0.000060207233574538850940588', 'MAKER_B_0.5BP': '2.05421134895755462753E-7', 'STRESS_1BP': '-0.0000997896001561282893656721'}",1,0.010021044192804890269566100,1,2026-06-15,1254438.00000000,1145449.00000000
0.00005007762031148279833742300566,4.29548200,110.37519820,163.14927090,3014.20468832,127,1.001602564102564102564100000,0.9985,3099,240,0.9984,895,219,4749.052807,"{'ZERO': '0.000100160256410256410256410', 'MAKER_A_0.2BP': '0.000060157050064126922589753', 'MAKER_B_0.5BP': '1.55240635404127229536E-7', 'STRESS_1BP': '-0.0000998397756378208333012853'}",1,0.010016025641025641025641000,1,2026-06-16,990262.00000000,1891627.00000000
0.00005008263634997746281364251014,21.25285900,119.32956360,221.68063620,4255.92360516,169,1.001702894921366322748670000,0.9984,1676,282,0.9983,1047,248,15268.978446,"{'ZERO': '0.000100170289492136632274867', 'MAKER_A_0.2BP': '0.000060167082744691895704308', 'MAKER_B_0.5BP': '1.65272714026324127047E-7', 'STRESS_1BP': '-0.0000998297445623563457537848'}",1,0.010017028949213663227486700,1,2026-06-17,1654268.00000000,1960314.00000000
0.00005013285205795357697899433499,8.16853000,120.23088800,225.87514110,1115.34532448,103,1.002707309736287977539360000,0.9974,1134,129,0.9973,1041,145,8044.904697,"{'ZERO': '0.000100270730973628797753936', 'MAKER_A_0.2BP': '0.000060267520208605153074919', 'MAKER_B_0.5BP': '2.65704151872522687914E-7', 'STRESS_1BP': '-0.0000997293231671518499408457'}",1,0.010027073097362879775393600,1,2026-06-18,3703233.00000000,3810421.00000000
0.00005008263634997746281364251014,24.01487800,437.71297980,1433.64252490,5350.1766142,95,1.001702894921366322748670000,0.9984,655,143,0.9983,687,148,18177.4148,"{'ZERO': '0.000100170289492136632274867', 'MAKER_A_0.2BP': '0.000060167082744691895704308', 'MAKER_B_0.5BP': '1.65272714026324127047E-7', 'STRESS_1BP': '-0.0000998297445623563457537848'}",1,0.010017028949213663227486700,1,2026-06-19,300409.00000000,547654.00000000
0.00005006759124818504981725329194,192.80645000,993.47006220,1195.67205200,2516.53335200,69,1.001401962747846985780090000,0.9987,487,86,0.9986,603,103,2674.484483,"{'ZERO': '0.000100140196274784698578009', 'MAKER_A_0.2BP': '0.000060136990731044581992398', 'MAKER_B_0.5BP': '1.35182505845667059727E-7', 'STRESS_1BP': '-0.0000998598317616666132305255'}",1,0.010014019627478469857800900,1,2026-06-20,586394.00000000,241050.00000000
0.00005008765339343851740545955422,24.15484950,355.01046710,721.82237905,4256.26633381,132,1.001803245842516529753560000,0.9983,2213,195,0.9982,1090,178,8207.40346,"{'ZERO': '0.000100180324584251652975356', 'MAKER_A_0.2BP': '0.000060177117435411259717102', 'MAKER_B_0.5BP': '1.75306802682306277393E-7', 'STRESS_1BP': '-0.0000998197114770590662833136'}",1,0.010018032458425165297535600,1,2026-06-21,750383.00000000,511280.00000000
0.00005006257822277847309136420526,55.13764000,589.71052760,976.92054900,6974.48281728,77,1.001301692199859817763090000,0.9988,1351,138,0.9987,586,106,11506.439841,"{'ZERO': '0.000100130169219985981776309', 'MAKER_A_0.2BP': '0.000060126964077320035655961', 'MAKER_B_0.5BP': '1.25156453702297362352E-7', 'STRESS_1BP': '-0.0000998698568112548913327352'}",1,0.010013016921998598177630900,1,2026-06-22,1104020.00000000,295654.00000000
0.00005011275369581558506639939865,0.06000300,0.06816260,0.07209960,5.87683068,1403,1.002305302195048611807160000,0.9978,1951,1425,0.9977,1969,1454,41500.276421,"{'ZERO': '0.000100230530219504861180716', 'MAKER_A_0.2BP': '0.000060227321062479221499062', 'MAKER_B_0.5BP': '2.25507417623004787417E-7', 'STRESS_1BP': '-0.0000997695158819288964157608'}",1,0.010023053021950486118071600,1,2026-06-23,1088992.00000000,488832.00000000
0.00005011777677542224226933293239,71.60037000,690.09163340,1099.69140460,3312.73583276,77,1.002405773857257417802730000,0.9977,426,83,0.9976,972,144,5602.304935,"{'ZERO': '0.000100240577385725741780273', 'MAKER_A_0.2BP': '0.000060237367826821490835620', 'MAKER_B_0.5BP': '2.35553579177496618353E-7', 'STRESS_1BP': '-0.0000997594707249403367602293'}",1,0.010024057738572574178027300,1,2026-06-24,663187.00000000,565276.00000000
0.00005016302984700275896664158515,11.79339650,398.67101320,574.02186670,16012.81379927,78,1.003310926055984749673920000,0.9968,1944,131,0.9967,1274,148,18071.186615,"{'ZERO': '0.000100331092605598474967392', 'MAKER_A_0.2BP': '0.000060327879426157839841096', 'MAKER_B_0.5BP': '3.26059747980796003844E-7', 'STRESS_1BP': '-0.0000996689736063014547346309'}",1,0.010033109260559847496739200,1,2026-06-25,1375121.00000000,1132796.00000000
0.00005014290728576442862157147871,48.74594900,479.80463540,1025.65455480,10216.33501848,95,1.002908434459933808043330000,0.9972,607,116,0.9971,1105,193,34832.423346,"{'ZERO': '0.000100290843445993380804333', 'MAKER_A_0.2BP': '0.000060287631876486931198093', 'MAKER_B_0.5BP': '2.85814613090426613962E-7', 'STRESS_1BP': '-0.0000997092147168795305806898'}",1,0.010029084344599338080433300,1,2026-06-26,1082682.00000000,4378809.00000000
0.00005013285205795357697899433499,34.75926700,351.25857300,541.88784625,1594.51402008,160,1.002707309736287977539360000,0.9974,1705,315,0.9973,684,177,4882.061747,"{'ZERO': '0.000100270730973628797753936', 'MAKER_A_0.2BP': '0.000060267520208605153074919', 'MAKER_B_0.5BP': '2.65704151872522687914E-7', 'STRESS_1BP': '-0.0000997293231671518499408457'}",1,0.010027073097362879775393600,1,2026-06-27,764835.00000000,303169.00000000
0.00005012782595618828011429144318,20.31283700,56.17324420,359.38509980,2508.21405244,277,1.002606777621816723481050000,0.9975,1532,383,0.9974,1384,349,14104.363964,"{'ZERO': '0.000100260677762181672348105', 'MAKER_A_0.2BP': '0.000060257467399278443145795', 'MAKER_B_0.5BP': '2.55651945696278450565E-7', 'STRESS_1BP': '-0.0000997393743681577300461251'}",1,0.010026067776218167234810500,1,2026-06-28,2683287.00000000,7203629.00000000
0.00005014793641241662905571435735,46.42533600,467.69831800,866.69184325,4510.64062895,116,1.003009027081243731193580000,0.9971,1972,225,0.997,1245,190,13528.412714,"{'ZERO': '0.000100300902708124373119358', 'MAKER_A_0.2BP': '0.000060297690736255485522185', 'MAKER_B_0.5BP': '2.95872869345499625721E-7', 'STRESS_1BP': '-0.0000996991574663997993380201'}",1,0.010030090270812437311935800,1,2026-06-29,1220146.00000000,694420.00000000
0.00005017309718528924790527319251,70.16770700,489.67305400,924.19702660,2536.88717324,157,1.003512293025589563472150000,0.9966,1511,218,0.9965,1832,212,3826.698065,"{'ZERO': '0.000100351229302558956347215', 'MAKER_A_0.2BP': '0.000060348015317666551837052', 'MAKER_B_0.5BP': '3.46194431372259786409E-7', 'STRESS_1BP': '-0.0000996488409362776717812413'}",1,0.010035122930255895634721500,1,2026-06-30,870298.00000000,1487862.00000000
0.00005013285205795357697899433499,58.16618900,326.22365010,575.42670620,1851.71485633,54,1.002707309736287977539360000,0.9974,586,72,0.9973,367,75,2737.938053,"{'ZERO': '0.000100270730973628797753936', 'MAKER_A_0.2BP': '0.000060267520208605153074919', 'MAKER_B_0.5BP': '2.65704151872522687914E-7', 'STRESS_1BP': '-0.0000997293231671518499408457'}",1,0.010027073097362879775393600,1,2026-07-01,332003.00000000,291645.00000000
0.00005013787916771120581599398345,66.36924950,536.66042850,867.08662210,3339.11358378,170,1.002807862013638186923390000,0.9973,1254,178,0.9972,2905,239,11235.095738,"{'ZERO': '0.000100280786201363818692339', 'MAKER_A_0.2BP': '0.000060277575034139108633792', 'MAKER_B_0.5BP': '2.75758374135043749216E-7', 'STRESS_1BP': '-0.0000997192699502612915603746'}",1,0.010028078620136381869233900,1,2026-07-02,688599.00000000,1616616.00000000
0.00005014793641241662905571435735,35.22170100,389.97434580,577.55920060,1238.97556780,113,1.003009027081243731193580000,0.9971,1599,184,0.997,1219,187,10402.638944,"{'ZERO': '0.000100300902708124373119358', 'MAKER_A_0.2BP': '0.000060297690736255485522185', 'MAKER_B_0.5BP': '2.95872869345499625721E-7', 'STRESS_1BP': '-0.0000996991574663997993380201'}",1,0.010030090270812437311935800,1,2026-07-03,738003.00000000,579882.00000000
0.00005010271055664111428428277970,35.35191350,711.53767900,1208.99440550,5216.41724970,116,1.002104419280489026956610000,0.998,1013,163,0.9979,1434,161,33422.663767,"{'ZERO': '0.000100210441928048902695661', 'MAKER_A_0.2BP': '0.000060207233574538850940588', 'MAKER_B_0.5BP': '2.05421134895755462753E-7', 'STRESS_1BP': '-0.0000997896001561282893656721'}",1,0.010021044192804890269566100,1,2026-07-04,2638765.00000000,2601677.00000000
0.00005012280086211217482832940705,13.12997200,47.76828900,100.39749400,367.26848560,131,1.002506265664160401002510000,0.9976,788,199,0.9975,344,134,451.334874,"{'ZERO': '0.000100250626566416040100251', 'MAKER_A_0.2BP': '0.000060247416605552600727434', 'MAKER_B_0.5BP': '2.45601754999969299781E-7', 'STRESS_1BP': '-0.0000997494235538852129824612'}",1,0.010025062656641604010025100,1,2026-07-05,456282.00000000,132831.00000000
0.00005012782595618828011429144318,5.88737100,376.53145980,535.64858120,1645.96375504,113,1.002606777621816723481050000,0.9975,1065,194,0.9974,1053,141,6944.73606,"{'ZERO': '0.000100260677762181672348105', 'MAKER_A_0.2BP': '0.000060257467399278443145795', 'MAKER_B_0.5BP': '2.55651945696278450565E-7', 'STRESS_1BP': '-0.0000997393743681577300461251'}",1,0.010026067776218167234810500,1,2026-07-06,839745.00000000,819671.00000000
0.00005012782595618828011429144318,9.11884400,283.74643040,513.32151800,6003.02555308,93,1.002606777621816723481050000,0.9975,234,111,0.9974,589,182,22727.302663,"{'ZERO': '0.000100260677762181672348105', 'MAKER_A_0.2BP': '0.000060257467399278443145795', 'MAKER_B_0.5BP': '2.55651945696278450565E-7', 'STRESS_1BP': '-0.0000997393743681577300461251'}",1,0.010026067776218167234810500,1,2026-07-07,119023.00000000,332278.00000000
0.00005014290728576442862157147871,102.11635600,689.09469520,1178.77600890,9450.75883525,84,1.002908434459933808043330000,0.9972,845,108,0.9971,864,158,19260.886586,"{'ZERO': '0.000100290843445993380804333', 'MAKER_A_0.2BP': '0.000060287631876486931198093', 'MAKER_B_0.5BP': '2.85814613090426613962E-7', 'STRESS_1BP': '-0.0000997092147168795305806898'}",1,0.010029084344599338080433300,1,2026-07-08,541275.00000000,419971.00000000
0.00005014290728576442862157147871,51.12882000,487.29099540,670.48751020,7381.74279508,145,1.002908434459933808043330000,0.9972,1086,176,0.9971,1802,214,13134.62222,"{'ZERO': '0.000100290843445993380804333', 'MAKER_A_0.2BP': '0.000060287631876486931198093', 'MAKER_B_0.5BP': '2.85814613090426613962E-7', 'STRESS_1BP': '-0.0000997092147168795305806898'}",1,0.010029084344599338080433300,1,2026-07-09,822532.00000000,1328659.00000000
0.00005013285205795357697899433499,0.00956950,50.81426390,386.94704690,1225.15768373,292,1.002707309736287977539360000,0.9974,1916,351,0.9973,1015,330,2533.256006,"{'ZERO': '0.000100270730973628797753936', 'MAKER_A_0.2BP': '0.000060267520208605153074919', 'MAKER_B_0.5BP': '2.65704151872522687914E-7', 'STRESS_1BP': '-0.0000997293231671518499408457'}",1,0.010027073097362879775393600,1,2026-07-10,1044673.00000000,602968.00000000
0.00005012782595618828011429144318,24.88440150,501.77094410,819.33615765,1614.92235644,110,1.002606777621816723481050000,0.9975,812,125,0.9974,550,118,1699.18148,"{'ZERO': '0.000100260677762181672348105', 'MAKER_A_0.2BP': '0.000060257467399278443145795', 'MAKER_B_0.5BP': '2.55651945696278450565E-7', 'STRESS_1BP': '-0.0000997393743681577300461251'}",1,0.010026067776218167234810500,1,2026-07-11,662495.00000000,423915.00000000
0.00005013285205795357697899433499,68.23040800,1013.59847460,1497.69747770,2292.29765364,119,1.002707309736287977539360000,0.9974,938,187,0.9973,1064,135,3906.812589,"{'ZERO': '0.000100270730973628797753936', 'MAKER_A_0.2BP': '0.000060267520208605153074919', 'MAKER_B_0.5BP': '2.65704151872522687914E-7', 'STRESS_1BP': '-0.0000997293231671518499408457'}",1,0.010027073097362879775393600,1,2026-07-12,623675.00000000,689972.00000000
0.00005014290728576442862157147871,55.27246000,385.54474400,639.89169860,1253.65540948,169,1.002908434459933808043330000,0.9972,1067,227,0.9971,947,172,3320.005373,"{'ZERO': '0.000100290843445993380804333', 'MAKER_A_0.2BP': '0.000060287631876486931198093', 'MAKER_B_0.5BP': '2.85814613090426613962E-7', 'STRESS_1BP': '-0.0000997092147168795305806898'}",1,0.010029084344599338080433300,1,2026-07-13,664733.00000000,400307.00000000
0.00005014290728576442862157147871,0.00637300,60.70089050,113.99828610,6283.45634424,90,1.002908434459933808043330000,0.9972,512,102,0.9971,823,168,36120.91904,"{'ZERO': '0.000100290843445993380804333', 'MAKER_A_0.2BP': '0.000060287631876486931198093', 'MAKER_B_0.5BP': '2.85814613090426613962E-7', 'STRESS_1BP': '-0.0000997092147168795305806898'}",1,0.010029084344599338080433300,1,2026-07-14,409152.00000000,1577575.00000000
0.00005011275369581558506639939865,15.46769900,122.85090010,317.63033160,12066.23370837,138,1.002305302195048611807160000,0.9978,478,150,0.9977,858,191,22553.855052,"{'ZERO': '0.000100230530219504861180716', 'MAKER_A_0.2BP': '0.000060227321062479221499062', 'MAKER_B_0.5BP': '2.25507417623004787417E-7', 'STRESS_1BP': '-0.0000997695158819288964157608'}",1,0.010023053021950486118071600,1,2026-07-15,386565.00000000,822489.00000000
0.00005013787916771120581599398345,18.87087450,195.36431170,693.03398695,7044.63946792,122,1.002807862013638186923390000,0.9973,1652,171,0.9972,1577,230,10151.627709,"{'ZERO': '0.000100280786201363818692339', 'MAKER_A_0.2BP': '0.000060277575034139108633792', 'MAKER_B_0.5BP': '2.75758374135043749216E-7', 'STRESS_1BP': '-0.0000997192699502612915603746'}",1,0.010028078620136381869233900,1,2026-07-16,2496340.00000000,1006991.00000000
0.00005013787916771120581599398345,42.9965800,529.71642500,783.07425580,5257.29770632,137,1.002807862013638186923390000,0.9973,837,161,0.9972,1700,156,5749.157562,"{'ZERO': '0.000100280786201363818692339', 'MAKER_A_0.2BP': '0.000060277575034139108633792', 'MAKER_B_0.5BP': '2.75758374135043749216E-7', 'STRESS_1BP': '-0.0000997192699502612915603746'}",1,0.010028078620136381869233900,1,2026-07-17,1203728.00000000,657828.00000000
0.00005014290728576442862157147871,52.82151200,76.16467950,506.99076425,1869.97890730,266,1.002908434459933808043330000,0.9972,970,278,0.9971,721,271,2346.563074,"{'ZERO': '0.000100290843445993380804333', 'MAKER_A_0.2BP': '0.000060287631876486931198093', 'MAKER_B_0.5BP': '2.85814613090426613962E-7', 'STRESS_1BP': '-0.0000997092147168795305806898'}",1,0.010029084344599338080433300,1,2026-07-18,1096263.00000000,541928.00000000
0.00005012782595618828011429144318,32.00089300,224.15959300,564.04382500,2587.48068400,241,1.002606777621816723481050000,0.9975,896,281,0.9974,917,256,4735.866655,"{'ZERO': '0.000100260677762181672348105', 'MAKER_A_0.2BP': '0.000060257467399278443145795', 'MAKER_B_0.5BP': '2.55651945696278450565E-7', 'STRESS_1BP': '-0.0000997393743681577300461251'}",1,0.010026067776218167234810500,1,2026-07-19,537662.00000000,224931.00000000
0.00005007762031148279833742300566,0.01966350,6.48752630,9.09457685,17.43608747,112,1.001602564102564102564100000,0.9985,1685,116,0.9984,592,182,37.53777,"{'ZERO': '0.000100160256410256410256410', 'MAKER_A_0.2BP': '0.000060157050064126922589753', 'MAKER_B_0.5BP': '1.55240635404127229536E-7', 'STRESS_1BP': '-0.0000998397756378208333012853'}",1,0.010016025641025641025641000,1,2026-07-20,1827788.00000000,2889677.00000000
0.00005011275369581558506639939865,38.41108800,326.50888860,687.32197560,6813.29797740,85,1.002305302195048611807160000,0.9978,906,151,0.9977,848,124,9123.069342,"{'ZERO': '0.000100230530219504861180716', 'MAKER_A_0.2BP': '0.000060227321062479221499062', 'MAKER_B_0.5BP': '2.25507417623004787417E-7', 'STRESS_1BP': '-0.0000997695158819288964157608'}",1,0.010023053021950486118071600,1,2026-07-21,1232395.00000000,687881.00000000
0.00005012782595618828011429144318,46.59834400,298.75092800,377.81328600,625.39102480,81,1.002606777621816723481050000,0.9975,359,98,0.9974,230,81,803.551508,"{'ZERO': '0.000100260677762181672348105', 'MAKER_A_0.2BP': '0.000060257467399278443145795', 'MAKER_B_0.5BP': '2.55651945696278450565E-7', 'STRESS_1BP': '-0.0000997393743681577300461251'}",1,0.010026067776218167234810500,1,2026-07-22,248210.00000000,80578.00000000
0.00005011777677542224226933293239,0.01074200,53.46589980,58.69930420,8317.91820808,113,1.002405773857257417802730000,0.9977,801,171,0.9976,840,173,38363.104437,"{'ZERO': '0.000100240577385725741780273', 'MAKER_A_0.2BP': '0.000060237367826821490835620', 'MAKER_B_0.5BP': '2.35553579177496618353E-7', 'STRESS_1BP': '-0.0000997594707249403367602293'}",1,0.010024057738572574178027300,1,2026-07-23,1293937.00000000,1379609.00000000
0.00005013787916771120581599398345,43.53534400,945.20463480,1946.80361805,7515.41279214,80,1.002807862013638186923390000,0.9973,1064,116,0.9972,878,123,27245.457103,"{'ZERO': '0.000100280786201363818692339', 'MAKER_A_0.2BP': '0.000060277575034139108633792', 'MAKER_B_0.5BP': '2.75758374135043749216E-7', 'STRESS_1BP': '-0.0000997192699502612915603746'}",1,0.010028078620136381869233900,1,2026-07-24,750595.00000000,1132758.00000000
0.00005006759124818504981725329194,0.00815800,2.11089980,4.05139940,215.64599116,193,1.001401962747846985780090000,0.9987,944,323,0.9986,834,291,10487.417624,"{'ZERO': '0.000100140196274784698578009', 'MAKER_A_0.2BP': '0.000060136990731044581992398', 'MAKER_B_0.5BP': '1.35182505845667059727E-7', 'STRESS_1BP': '-0.0000998598317616666132305255'}",1,0.010014019627478469857800900,1,2026-07-25,7313250.00000000,8408106.00000000
0.00005006257822277847309136420526,0.00300400,0.01049100,1.21616535,8.36529760,152,1.001301692199859817763090000,0.9988,1044,160,0.9987,224,177,23.392219,"{'ZERO': '0.000100130169219985981776309', 'MAKER_A_0.2BP': '0.000060126964077320035655961', 'MAKER_B_0.5BP': '1.25156453702297362352E-7', 'STRESS_1BP': '-0.0000998698568112548913327352'}",1,0.010013016921998598177630900,1,2026-07-26,1293107.00000000,1871734.00000000
0.00005010271055664111428428277970,0.00795250,9.54262850,66.91282715,6295.16457284,184,1.002104419280489026956610000,0.998,1586,313,0.9979,701,235,46666.732836,"{'ZERO': '0.000100210441928048902695661', 'MAKER_A_0.2BP': '0.000060207233574538850940588', 'MAKER_B_0.5BP': '2.05421134895755462753E-7', 'STRESS_1BP': '-0.0000997896001561282893656721'}",1,0.010021044192804890269566100,1,2026-07-27,11706891.00000000,5675549.00000000
0.00005008765339343851740545955422,0.00295100,1.28719800,3.16218700,654.07407300,161,1.001803245842516529753560000,0.9983,673,174,0.9982,454,217,1865.397085,"{'ZERO': '0.000100180324584251652975356', 'MAKER_A_0.2BP': '0.000060177117435411259717102', 'MAKER_B_0.5BP': '1.75306802682306277393E-7', 'STRESS_1BP': '-0.0000998197114770590662833136'}",1,0.010018032458425165297535600,1,2026-07-28,1334731.00000000,3857314.00000000
0.00005014793641241662905571435735,117.15888300,1956.23059480,2695.80534350,7726.00319746,79,1.003009027081243731193580000,0.9971,797,116,0.997,1117,143,17878.915585,"{'ZERO': '0.000100300902708124373119358', 'MAKER_A_0.2BP': '0.000060297690736255485522185', 'MAKER_B_0.5BP': '2.95872869345499625721E-7', 'STRESS_1BP': '-0.0000996991574663997993380201'}",1,0.010030090270812437311935800,1,2026-07-29,1027655.00000000,999045.00000000
0.00005014290728576442862157147871,64.62127700,534.04323700,2315.02721000,16873.18767780,61,1.002908434459933808043330000,0.9972,499,67,0.9971,787,113,24931.279896,"{'ZERO': '0.000100290843445993380804333', 'MAKER_A_0.2BP': '0.000060287631876486931198093', 'MAKER_B_0.5BP': '2.85814613090426613962E-7', 'STRESS_1BP': '-0.0000997092147168795305806898'}",1,0.010029084344599338080433300,1,2026-07-30,430791.00000000,444012.00000000
0.00005013787916771120581599398345,8.12560100,342.67605580,613.88120830,8944.69636036,84,1.002807862013638186923390000,0.9973,499,132,0.9972,524,119,41815.460184,"{'ZERO': '0.000100280786201363818692339', 'MAKER_A_0.2BP': '0.000060277575034139108633792', 'MAKER_B_0.5BP': '2.75758374135043749216E-7', 'STRESS_1BP': '-0.0000997192699502612915603746'}",1,0.010028078620136381869233900,1,2026-07-31,1301116.00000000,3678348.00000000
